cus_id,cus_income,financed_purchase,purchase_method,tender_type,churn
276,"$391,576.00",N,0,1,0
404,"$50,000.00",Y,1,3,1
2433,"$50,000.00",Y,0,3,1
1084,"$358,021.00",N,1,1,0
2189,"$50,000.00",Y,0,3,1
2505,"$182,817.00",N,0,1,0
392,"$204,717.00",N,1,1,0
2317,"$125,046.00",N,1,1,0
2130,"$160,499.00",N,1,1,0
1174,"$50,000.00",Y,0,3,1
2396,"$198,191.00",N,1,1,0
1294,"$307,901.00",N,0,1,0
2171,"$212,012.00",N,1,1,0
2545,"$138,130.00",N,0,1,0
2309,"$191,792.00",N,1,1,0
424,"$200,177.00",N,1,1,0
565,"$50,000.00",Y,0,3,1
1182,"$50,000.00",Y,1,3,1
626,"$187,583.00",N,1,1,0
1201,"$186,602.00",N,0,1,0
1490,"$93,711.00",N,0,1,0
219,"$165,915.00",N,0,1,0
171,"$184,490.00",N,0,1,0
408,"$50,000.00",Y,1,3,1
277,"$256,735.00",N,0,1,0
2265,"$50,000.00",Y,1,3,1
1271,"$148,653.00",N,0,1,0
1455,"$185,708.00",N,0,1,0
1842,"$64,565.00",N,1,2,1
616,"$187,519.00",N,1,1,0
1847,"$265,171.00",N,0,1,0
1511,"$245,241.00",N,0,1,0
1058,"$162,967.00",N,0,1,0
2364,"$191,101.00",N,0,1,0
1820,"$118,928.00",N,1,1,0
1244,"$281,455.00",N,1,1,0
1930,"$204,396.00",N,0,1,0
606,"$311,894.00",N,1,1,0
1673,"$186,407.00",N,0,1,0
1658,"$34,437.00",Y,0,3,1
675,"$377,732.00",N,0,1,0
357,"$202,350.00",N,1,1,0
1681,"$188,416.00",N,1,1,0
2058,"$75,118.00",N,0,2,1
215,"$50,000.00",Y,0,3,1
308,"$50,000.00",Y,1,3,1
2041,"$50,000.00",Y,0,3,1
1145,"$118,798.00",N,1,1,0
1697,"$166,673.00",N,1,1,0
1654,"$193,962.00",N,1,1,0
2526,"$250,223.00",N,0,1,0
1758,"$276,155.00",N,1,1,0
1635,"$365,991.00",N,1,1,0
26,"$141,984.00",N,0,1,0
2555,"$255,992.00",N,1,1,0
160,"$209,658.00",N,0,1,0
1189,"$70,294.00",N,0,2,1
274,"$342,584.00",N,1,1,0
1800,"$96,056.00",N,0,1,0
1422,"$114,640.00",N,0,1,0
903,"$134,926.00",N,1,1,0
1596,"$192,791.00",N,1,1,0
1125,"$104,973.00",N,1,1,0
2324,"$126,797.00",N,1,1,0
2437,"$192,680.00",N,1,1,0
850,"$78,403.00",N,1,2,1
641,"$198,010.00",N,0,1,0
818,"$50,000.00",Y,1,3,1
221,"$90,878.00",N,0,1,0
1871,"$142,168.00",N,1,1,0
977,"$259,133.00",N,0,1,0
2398,"$192,836.00",N,1,1,0
888,"$227,184.00",N,1,1,0
343,"$179,685.00",N,1,1,0
1950,"$50,000.00",Y,0,3,1
769,"$205,494.00",N,0,1,0
798,"$204,845.00",N,1,1,0
575,"$205,221.00",N,0,1,0
779,"$69,714.00",N,1,2,1
1573,"$63,618.00",N,0,2,1
794,"$63,593.00",N,0,2,1
1620,"$72,798.00",N,1,2,1
458,"$199,036.00",N,1,1,0
449,"$196,827.00",N,1,1,0
1002,"$190,300.00",N,0,1,0
812,"$50,000.00",Y,1,3,1
1446,"$150,057.00",N,0,1,0
2587,"$171,021.00",N,1,1,0
488,"$272,124.00",N,1,1,0
43,"$50,000.00",Y,0,3,1
1491,"$333,473.00",N,1,1,0
2495,"$198,232.00",N,1,1,0
2118,"$136,609.00",N,0,1,0
644,"$343,930.00",N,1,1,0
2529,"$195,656.00",N,0,1,0
2492,"$96,177.00",N,0,1,0
242,"$193,449.00",N,0,1,0
1757,"$190,486.00",N,0,1,0
2438,"$209,855.00",N,1,1,0
1787,"$222,841.00",N,0,1,0
663,"$392,960.00",N,1,1,0
551,"$112,253.00",N,1,1,0
1584,"$50,000.00",Y,1,3,1
1829,"$165,120.00",N,1,1,0
1107,"$182,745.00",N,1,1,0
117,"$303,625.00",N,1,1,0
1666,"$202,243.00",N,1,1,0
313,"$159,882.00",N,1,1,0
946,"$187,601.00",N,0,1,0
1623,"$144,178.00",N,0,1,0
262,"$77,445.00",N,1,2,1
1438,"$110,215.00",N,1,1,0
1773,"$107,961.00",N,0,1,0
2097,"$119,677.00",N,1,1,0
890,"$80,123.00",N,0,1,0
764,"$185,489.00",N,1,1,0
1451,"$392,363.00",N,1,1,0
1699,"$195,402.00",N,1,1,0
829,"$66,741.00",N,1,2,1
2340,"$42,215.00",Y,1,3,1
2315,"$256,939.00",N,1,1,0
1288,"$177,538.00",N,0,1,0
1096,"$203,207.00",N,0,1,0
147,"$66,045.00",N,0,2,1
1110,"$87,068.00",N,0,1,0
1762,"$375,466.00",N,1,1,0
511,"$110,703.00",N,0,1,0
2568,"$189,194.00",N,0,1,0
1413,"$202,885.00",N,1,1,0
2231,"$50,000.00",Y,0,3,1
1518,"$320,578.00",N,1,1,0
1118,"$194,984.00",N,1,1,0
1334,"$192,822.00",N,0,1,0
2582,"$50,000.00",Y,1,3,1
414,"$172,612.00",N,1,1,0
476,"$190,552.00",N,1,1,0
985,"$221,267.00",N,0,1,0
2368,"$240,648.00",N,0,1,0
2449,"$50,000.00",Y,0,3,1
922,"$190,986.00",N,0,1,0
1537,"$134,679.00",N,0,1,0
921,"$189,529.00",N,0,1,0
1818,"$281,208.00",N,1,1,0
778,"$164,068.00",N,1,1,0
2088,"$192,945.00",N,1,1,0
241,"$182,280.00",N,0,1,0
2081,"$203,251.00",N,0,1,0
973,"$194,785.00",N,0,1,0
2267,"$174,801.00",N,0,1,0
980,"$140,672.00",N,0,1,0
2106,"$206,547.00",N,0,1,0
605,"$60,887.00",N,1,2,1
1154,"$195,114.00",N,0,1,0
1069,"$152,741.00",N,0,1,0
522,"$50,286.00",Y,0,3,1
13,"$50,000.00",Y,1,3,1
610,"$208,522.00",N,1,1,0
883,"$369,734.00",N,1,1,0
677,"$50,000.00",Y,1,3,1
2372,"$50,000.00",Y,1,3,1
409,"$50,000.00",Y,0,3,1
1875,"$209,461.00",N,1,1,0
2422,"$343,478.00",N,0,1,0
684,"$50,000.00",Y,0,3,1
55,"$50,000.00",Y,1,3,1
861,"$399,259.00",N,1,1,0
652,"$192,835.00",N,1,1,0
539,"$54,736.00",Y,0,3,1
1205,"$183,663.00",N,0,1,0
78,"$50,000.00",Y,0,3,1
2284,"$90,785.00",N,0,1,0
2578,"$202,724.00",N,1,1,0
1116,"$157,958.00",N,0,1,0
2470,"$184,095.00",N,0,1,0
1268,"$192,274.00",N,0,1,0
316,"$72,876.00",N,1,2,1
952,"$218,894.00",N,0,1,0
1153,"$134,326.00",N,1,1,0
2325,"$50,000.00",Y,1,3,1
1194,"$378,019.00",N,0,1,0
25,"$192,530.00",N,1,1,0
1908,"$193,893.00",N,1,1,0
935,"$191,830.00",N,1,1,0
2220,"$373,832.00",N,0,1,0
454,"$347,406.00",N,1,1,0
2511,"$197,063.00",N,0,1,0
223,"$208,690.00",N,1,1,0
512,"$50,000.00",Y,0,3,1
1009,"$50,000.00",Y,0,3,1
1835,"$248,781.00",N,0,1,0
325,"$187,425.00",N,1,1,0
2502,"$309,852.00",N,1,1,0
2329,"$50,000.00",Y,1,3,1
1341,"$188,983.00",N,0,1,0
1848,"$50,000.00",Y,1,3,1
2156,"$200,223.00",N,1,1,0
2542,"$118,255.00",N,0,1,0
1377,"$57,157.00",Y,0,3,1
2012,"$57,349.00",Y,1,3,1
1633,"$50,000.00",Y,0,3,1
566,"$209,846.00",N,1,1,0
1000,"$196,528.00",N,0,1,0
285,"$340,156.00",N,1,1,0
351,"$50,720.00",Y,1,3,1
2532,"$182,146.00",N,1,1,0
1016,"$251,264.00",N,1,1,0
1382,"$308,206.00",N,0,1,0
897,"$104,172.00",N,0,1,0
2061,"$191,499.00",N,1,1,0
2440,"$201,518.00",N,1,1,0
693,"$347,874.00",N,0,1,0
2165,"$50,000.00",Y,0,3,1
1792,"$199,981.00",N,1,1,0
9,"$202,293.00",N,1,1,0
455,"$203,593.00",N,0,1,0
848,"$66,376.00",N,1,2,1
418,"$50,000.00",Y,0,3,1
361,"$50,000.00",Y,0,3,1
2581,"$203,066.00",N,0,1,0
2428,"$181,012.00",N,1,1,0
2096,"$202,140.00",N,1,1,0
123,"$167,412.00",N,0,1,0
1366,"$172,527.00",N,1,1,0
1044,"$203,037.00",N,0,1,0
298,"$64,746.00",N,0,2,1
1303,"$351,944.00",N,0,1,0
469,"$187,384.00",N,0,1,0
1496,"$50,000.00",Y,0,3,1
1242,"$313,890.00",N,0,1,0
1179,"$50,000.00",Y,0,3,1
1324,"$247,281.00",N,1,1,0
1579,"$50,000.00",Y,0,3,1
1475,"$202,160.00",N,1,1,0
1390,"$109,636.00",N,0,1,0
1317,"$177,603.00",N,1,1,0
1013,"$205,495.00",N,1,1,0
2401,"$112,975.00",N,1,1,0
1251,"$50,000.00",Y,0,3,1
950,"$50,000.00",Y,1,3,1
1918,"$188,078.00",N,0,1,0
224,"$58,216.00",N,0,2,1
2237,"$246,713.00",N,1,1,0
1793,"$302,500.00",N,1,1,0
1825,"$46,050.00",Y,0,3,1
2499,"$84,859.00",N,1,1,0
542,"$112,187.00",N,0,1,0
1180,"$82,700.00",N,1,1,0
237,"$127,259.00",N,0,1,0
585,"$50,000.00",Y,1,3,1
1965,"$117,799.00",N,0,1,0
60,"$191,143.00",N,0,1,0
2247,"$171,621.00",N,1,1,0
1423,"$50,000.00",Y,1,3,1
623,"$50,000.00",Y,1,3,1
2343,"$132,401.00",N,0,1,0
1441,"$280,545.00",N,0,1,0
2003,"$122,842.00",N,0,1,0
2320,"$105,096.00",N,1,1,0
1041,"$50,000.00",Y,0,3,1
1215,"$223,871.00",N,0,1,0
1598,"$192,314.00",N,0,1,0
1299,"$139,572.00",N,1,1,0
1261,"$189,598.00",N,0,1,0
38,"$297,759.00",N,1,1,0
2184,"$203,784.00",N,0,1,0
1053,"$186,541.00",N,1,1,0
207,"$110,388.00",N,1,1,0
307,"$50,000.00",Y,0,3,1
312,"$75,157.00",N,0,2,1
1686,"$181,811.00",N,1,1,0
150,"$50,000.00",Y,1,3,1
1349,"$163,674.00",N,0,1,0
477,"$132,766.00",N,1,1,0
739,"$61,746.00",N,1,2,1
2413,"$115,033.00",N,1,1,0
421,"$116,976.00",N,1,1,0
1861,"$172,943.00",N,1,1,0
1844,"$181,506.00",N,1,1,0
1786,"$50,000.00",Y,1,3,1
1662,"$218,890.00",N,0,1,0
1648,"$187,143.00",N,0,1,0
822,"$148,425.00",N,0,1,0
1574,"$376,729.00",N,1,1,0
1337,"$78,535.00",N,0,2,1
1131,"$93,957.00",N,0,1,0
349,"$202,477.00",N,0,1,0
755,"$134,547.00",N,0,1,0
502,"$236,117.00",N,1,1,0
2534,"$118,000.00",N,1,1,0
2557,"$123,275.00",N,0,1,0
2263,"$199,942.00",N,1,1,0
77,"$143,275.00",N,1,1,0
2382,"$191,521.00",N,1,1,0
217,"$217,812.00",N,1,1,0
1952,"$187,055.00",N,0,1,0
1583,"$200,432.00",N,0,1,0
612,"$216,759.00",N,0,1,0
866,"$388,471.00",N,0,1,0
1398,"$50,000.00",Y,0,3,1
1480,"$272,584.00",N,1,1,0
1768,"$188,185.00",N,0,1,0
2192,"$50,000.00",Y,0,3,1
2347,"$78,190.00",N,1,2,1
1129,"$189,266.00",N,0,1,0
102,"$103,983.00",N,1,1,0
760,"$144,317.00",N,1,1,0
2375,"$50,000.00",Y,1,3,1
2100,"$300,753.00",N,0,1,0
2124,"$57,247.00",Y,0,3,1
446,"$196,508.00",N,0,1,0
1928,"$61,400.00",N,1,2,1
463,"$130,426.00",N,0,1,0
1937,"$266,887.00",N,0,1,0
1122,"$50,000.00",Y,1,3,1
1570,"$342,333.00",N,1,1,0
34,"$120,585.00",N,1,1,0
2539,"$332,096.00",N,1,1,0
1955,"$267,572.00",N,1,1,0
1329,"$188,326.00",N,1,1,0
1887,"$50,000.00",Y,1,3,1
481,"$98,081.00",N,0,1,0
326,"$206,090.00",N,0,1,0
322,"$199,986.00",N,1,1,0
1133,"$50,000.00",Y,0,3,1
2308,"$50,000.00",Y,1,3,1
336,"$106,667.00",N,1,1,0
338,"$209,327.00",N,0,1,0
1811,"$196,737.00",N,1,1,0
1981,"$219,899.00",N,1,1,0
2348,"$339,668.00",N,1,1,0
758,"$203,371.00",N,0,1,0
422,"$342,745.00",N,0,1,0
2004,"$191,532.00",N,0,1,0
835,"$387,476.00",N,0,1,0
1314,"$50,000.00",Y,1,3,1
1581,"$208,626.00",N,0,1,0
1982,"$300,445.00",N,0,1,0
68,"$198,579.00",N,1,1,0
1754,"$183,390.00",N,1,1,0
430,"$109,054.00",N,1,1,0
1285,"$182,715.00",N,1,1,0
1401,"$50,000.00",Y,0,3,1
1222,"$50,000.00",Y,0,3,1
1402,"$298,578.00",N,1,1,0
1348,"$193,876.00",N,0,1,0
1274,"$50,000.00",Y,0,3,1
1221,"$157,290.00",N,1,1,0
530,"$360,434.00",N,0,1,0
1992,"$194,727.00",N,1,1,0
2468,"$78,434.00",N,0,2,1
784,"$187,810.00",N,0,1,0
186,"$50,000.00",Y,0,3,1
1746,"$198,198.00",N,1,1,0
384,"$89,270.00",N,1,1,0
124,"$91,779.00",N,1,1,0
1967,"$46,540.00",Y,1,3,1
1863,"$207,293.00",N,1,1,0
2497,"$66,674.00",N,1,2,1
1226,"$121,475.00",N,1,1,0
839,"$188,145.00",N,0,1,0
1315,"$101,835.00",N,0,1,0
251,"$122,664.00",N,0,1,0
2429,"$262,334.00",N,0,1,0
2144,"$97,091.00",N,1,1,0
2215,"$196,808.00",N,0,1,0
496,"$161,927.00",N,1,1,0
1948,"$50,000.00",Y,0,3,1
924,"$129,940.00",N,1,1,0
69,"$189,752.00",N,0,1,0
2424,"$120,588.00",N,0,1,0
297,"$50,000.00",Y,0,3,1
2170,"$50,000.00",Y,0,3,1
2559,"$359,777.00",N,1,1,0
1206,"$237,431.00",N,0,1,0
1568,"$109,261.00",N,1,1,0
659,"$160,795.00",N,1,1,0
1529,"$196,028.00",N,0,1,0
2028,"$50,000.00",Y,1,3,1
651,"$50,000.00",Y,0,3,1
776,"$197,206.00",N,0,1,0
1080,"$365,823.00",N,1,1,0
478,"$50,000.00",Y,0,3,1
426,"$128,614.00",N,1,1,0
849,"$192,461.00",N,1,1,0
2345,"$50,000.00",Y,1,3,1
2214,"$146,732.00",N,1,1,0
2159,"$156,089.00",N,0,1,0
2570,"$198,930.00",N,0,1,0
939,"$174,038.00",N,1,1,0
2566,"$187,916.00",N,1,1,0
23,"$201,829.00",N,1,1,0
1360,"$162,750.00",N,1,1,0
1877,"$169,047.00",N,0,1,0
2114,"$184,780.00",N,0,1,0
2025,"$96,861.00",N,1,1,0
344,"$185,366.00",N,0,1,0
2243,"$77,297.00",N,0,2,1
624,"$92,149.00",N,0,1,0
436,"$50,000.00",Y,1,3,1
1530,"$349,846.00",N,1,1,0
2024,"$198,708.00",N,1,1,0
662,"$157,548.00",N,0,1,0
1280,"$351,666.00",N,1,1,0
1805,"$192,858.00",N,1,1,0
1494,"$170,733.00",N,0,1,0
367,"$241,344.00",N,1,1,0
1724,"$128,238.00",N,1,1,0
577,"$204,227.00",N,0,1,0
656,"$97,092.00",N,1,1,0
174,"$209,638.00",N,1,1,0
1501,"$130,786.00",N,1,1,0
2207,"$106,863.00",N,1,1,0
1926,"$50,000.00",Y,1,3,1
1642,"$360,633.00",N,1,1,0
280,"$50,000.00",Y,0,3,1
2312,"$271,280.00",N,0,1,0
2240,"$194,657.00",N,0,1,0
1650,"$309,451.00",N,0,1,0
2533,"$195,950.00",N,1,1,0
289,"$318,027.00",N,0,1,0
1075,"$50,000.00",Y,0,3,1
970,"$50,000.00",Y,0,3,1
275,"$138,249.00",N,1,1,0
881,"$181,777.00",N,1,1,0
518,"$285,488.00",N,1,1,0
1157,"$131,052.00",N,1,1,0
1826,"$50,000.00",Y,0,3,1
2054,"$147,587.00",N,1,1,0
964,"$98,765.00",N,1,1,0
2042,"$50,000.00",Y,0,3,1
368,"$50,000.00",Y,0,3,1
1566,"$50,000.00",Y,1,3,1
1616,"$287,347.00",N,1,1,0
1533,"$87,390.00",N,0,1,0
933,"$50,000.00",Y,0,3,1
381,"$169,480.00",N,1,1,0
589,"$181,409.00",N,0,1,0
359,"$202,856.00",N,1,1,0
1671,"$127,387.00",N,1,1,0
1090,"$179,712.00",N,0,1,0
484,"$375,110.00",N,0,1,0
2549,"$194,729.00",N,1,1,0
1624,"$65,399.00",N,1,2,1
1925,"$50,000.00",Y,0,3,1
1177,"$199,985.00",N,1,1,0
195,"$35,246.00",Y,0,3,1
1551,"$155,679.00",N,1,1,0
130,"$72,642.00",N,1,2,1
2365,"$308,147.00",N,0,1,0
2553,"$74,384.00",N,1,2,1
2180,"$208,750.00",N,0,1,0
7,"$42,334.00",Y,1,3,1
1879,"$200,622.00",N,0,1,0
240,"$50,000.00",Y,1,3,1
6,"$107,889.00",N,1,1,0
1167,"$50,000.00",Y,1,3,1
53,"$144,409.00",N,0,1,0
1204,"$50,000.00",Y,0,3,1
1202,"$192,880.00",N,0,1,0
2068,"$372,061.00",N,0,1,0
110,"$181,336.00",N,0,1,0
999,"$209,672.00",N,0,1,0
648,"$195,966.00",N,1,1,0
1780,"$203,771.00",N,0,1,0
2344,"$192,385.00",N,0,1,0
1166,"$190,599.00",N,0,1,0
1621,"$201,852.00",N,1,1,0
504,"$198,520.00",N,1,1,0
510,"$50,000.00",Y,1,3,1
745,"$101,097.00",N,1,1,0
2397,"$50,000.00",Y,1,3,1
1479,"$66,706.00",N,1,2,1
420,"$278,039.00",N,0,1,0
1064,"$119,327.00",N,1,1,0
1951,"$73,352.00",N,0,2,1
1429,"$36,983.00",Y,1,3,1
2512,"$80,361.00",N,0,1,0
1183,"$143,281.00",N,0,1,0
884,"$122,384.00",N,0,1,0
2590,"$276,057.00",N,0,1,0
1031,"$81,904.00",N,0,1,0
2066,"$341,571.00",N,1,1,0
1325,"$204,052.00",N,0,1,0
1032,"$199,896.00",N,0,1,0
2305,"$347,627.00",N,0,1,0
736,"$50,000.00",Y,0,3,1
2387,"$70,678.00",N,0,2,1
637,"$192,154.00",N,0,1,0
2350,"$185,100.00",N,1,1,0
2415,"$163,945.00",N,1,1,0
482,"$191,146.00",N,0,1,0
673,"$66,663.00",N,0,2,1
1184,"$119,107.00",N,0,1,0
1936,"$50,000.00",Y,0,3,1
2601,"$142,099.00",N,0,1,0
1725,"$50,000.00",Y,1,3,1
2455,"$150,846.00",N,0,1,0
1059,"$34,860.00",Y,1,3,1
536,"$50,000.00",Y,1,3,1
1645,"$50,000.00",Y,0,3,1
2318,"$55,149.00",Y,1,3,1
1510,"$198,929.00",N,0,1,0
696,"$103,284.00",N,1,1,0
2614,"$399,677.00",N,0,1,0
1519,"$50,000.00",Y,1,3,1
267,"$351,678.00",N,1,1,0
969,"$66,878.00",N,1,2,1
1289,"$57,481.00",Y,1,3,1
857,"$188,941.00",N,1,1,0
2572,"$209,034.00",N,1,1,0
1307,"$196,980.00",N,0,1,0
1432,"$188,545.00",N,1,1,0
686,"$199,463.00",N,1,1,0
2009,"$50,000.00",Y,1,3,1
799,"$91,735.00",N,1,1,0
170,"$34,185.00",Y,1,3,1
253,"$370,587.00",N,1,1,0
1852,"$358,950.00",N,1,1,0
1776,"$181,117.00",N,1,1,0
1445,"$192,849.00",N,1,1,0
1656,"$199,215.00",N,0,1,0
97,"$50,000.00",Y,1,3,1
2285,"$182,585.00",N,1,1,0
1549,"$200,558.00",N,1,1,0
2245,"$71,914.00",N,1,2,1
1083,"$50,000.00",Y,0,3,1
1493,"$50,000.00",Y,0,3,1
2605,"$204,749.00",N,1,1,0
1886,"$50,000.00",Y,1,3,1
1796,"$150,998.00",N,0,1,0
700,"$64,912.00",N,0,2,1
1489,"$198,177.00",N,1,1,0
2133,"$326,989.00",N,1,1,0
963,"$283,811.00",N,0,1,0
780,"$50,000.00",Y,1,3,1
1250,"$50,000.00",Y,1,3,1
1544,"$201,188.00",N,1,1,0
393,"$315,249.00",N,1,1,0
2055,"$182,966.00",N,0,1,0
573,"$50,000.00",Y,0,3,1
271,"$143,386.00",N,1,1,0
1073,"$49,736.00",Y,1,3,1
942,"$188,795.00",N,1,1,0
1572,"$206,888.00",N,0,1,0
2476,"$50,000.00",Y,1,3,1
1042,"$50,000.00",Y,1,3,1
2436,"$203,452.00",N,0,1,0
1160,"$199,033.00",N,0,1,0
396,"$50,000.00",Y,1,3,1
1291,"$50,000.00",Y,0,3,1
54,"$50,000.00",Y,0,3,1
819,"$368,447.00",N,0,1,0
2395,"$200,199.00",N,1,1,0
2490,"$50,000.00",Y,0,3,1
108,"$181,003.00",N,1,1,0
1977,"$191,751.00",N,0,1,0
1025,"$132,803.00",N,0,1,0
1245,"$50,000.00",Y,0,3,1
593,"$266,772.00",N,1,1,0
474,"$38,145.00",Y,1,3,1
1336,"$342,974.00",N,0,1,0
2083,"$50,000.00",Y,1,3,1
2617,"$50,000.00",Y,0,3,1
634,"$50,000.00",Y,0,3,1
1668,"$61,757.00",N,0,2,1
1316,"$376,085.00",N,0,1,0
2480,"$156,420.00",N,0,1,0
131,"$50,000.00",Y,1,3,1
509,"$263,933.00",N,1,1,0
302,"$203,084.00",N,1,1,0
1214,"$220,172.00",N,0,1,0
101,"$50,000.00",Y,1,3,1
278,"$55,565.00",Y,1,3,1
1929,"$50,000.00",Y,1,3,1
1363,"$201,227.00",N,1,1,0
1765,"$324,157.00",N,0,1,0
527,"$139,054.00",N,1,1,0
1971,"$209,261.00",N,1,1,0
654,"$65,389.00",N,1,2,1
254,"$106,253.00",N,0,1,0
2095,"$82,411.00",N,0,1,0
1520,"$130,981.00",N,1,1,0
37,"$50,000.00",Y,0,3,1
2591,"$186,210.00",N,1,1,0
2023,"$50,000.00",Y,0,3,1
1345,"$319,426.00",N,1,1,0
2037,"$368,557.00",N,1,1,0
1405,"$185,357.00",N,1,1,0
2146,"$175,005.00",N,1,1,0
646,"$343,683.00",N,0,1,0
1199,"$149,203.00",N,0,1,0
40,"$244,331.00",N,1,1,0
2294,"$208,971.00",N,1,1,0
2175,"$280,478.00",N,0,1,0
711,"$100,498.00",N,0,1,0
2615,"$50,000.00",Y,0,3,1
2289,"$205,591.00",N,0,1,0
1386,"$120,091.00",N,1,1,0
1809,"$132,376.00",N,1,1,0
1783,"$50,000.00",Y,1,3,1
1137,"$208,622.00",N,1,1,0
2489,"$185,326.00",N,0,1,0
1099,"$161,963.00",N,1,1,0
917,"$166,302.00",N,1,1,0
1407,"$193,259.00",N,1,1,0
72,"$152,984.00",N,1,1,0
202,"$293,920.00",N,0,1,0
1830,"$193,987.00",N,1,1,0
1168,"$213,619.00",N,0,1,0
1675,"$200,573.00",N,1,1,0
718,"$186,366.00",N,1,1,0
1188,"$150,569.00",N,1,1,0
1942,"$208,426.00",N,1,1,0
214,"$50,000.00",Y,1,3,1
929,"$363,843.00",N,0,1,0
48,"$274,340.00",N,1,1,0
1704,"$240,655.00",N,1,1,0
2248,"$196,698.00",N,0,1,0
2148,"$378,947.00",N,1,1,0
1430,"$123,038.00",N,0,1,0
555,"$265,480.00",N,0,1,0
1021,"$183,118.00",N,0,1,0
1822,"$63,994.00",N,1,2,1
416,"$196,780.00",N,0,1,0
2225,"$50,000.00",Y,1,3,1
988,"$399,724.00",N,0,1,0
1101,"$116,800.00",N,0,1,0
315,"$199,930.00",N,1,1,0
2507,"$190,360.00",N,0,1,0
230,"$50,000.00",Y,1,3,1
809,"$94,089.00",N,1,1,0
2286,"$184,629.00",N,1,1,0
2537,"$179,898.00",N,0,1,0
1677,"$125,497.00",N,1,1,0
2508,"$50,000.00",Y,1,3,1
2359,"$196,157.00",N,0,1,0
732,"$50,000.00",Y,0,3,1
2010,"$50,000.00",Y,0,3,1
133,"$102,548.00",N,0,1,0
232,"$312,962.00",N,0,1,0
761,"$196,228.00",N,1,1,0
808,"$202,568.00",N,1,1,0
1367,"$242,337.00",N,0,1,0
83,"$78,939.00",N,1,2,1
1788,"$209,872.00",N,1,1,0
2598,"$204,015.00",N,0,1,0
10,"$111,643.00",N,0,1,0
2077,"$207,988.00",N,0,1,0
533,"$396,041.00",N,0,1,0
2172,"$50,000.00",Y,1,3,1
1196,"$50,000.00",Y,0,3,1
1715,"$95,553.00",N,1,1,0
880,"$175,034.00",N,1,1,0
2521,"$208,987.00",N,0,1,0
2078,"$364,581.00",N,0,1,0
753,"$50,000.00",Y,0,3,1
1395,"$206,256.00",N,1,1,0
916,"$50,000.00",Y,0,3,1
1905,"$50,000.00",Y,1,3,1
998,"$89,620.00",N,0,1,0
506,"$50,000.00",Y,1,3,1
2412,"$195,488.00",N,0,1,0
781,"$218,467.00",N,0,1,0
505,"$50,000.00",Y,1,3,1
904,"$61,145.00",N,1,2,1
65,"$50,000.00",Y,0,3,1
196,"$228,474.00",N,0,1,0
1373,"$44,957.00",Y,0,3,1
249,"$159,274.00",N,1,1,0
87,"$196,383.00",N,0,1,0
2026,"$50,000.00",Y,1,3,1
236,"$203,733.00",N,1,1,0
790,"$83,130.00",N,1,1,0
645,"$88,391.00",N,0,1,0
264,"$188,865.00",N,0,1,0
1136,"$50,000.00",Y,0,3,1
1012,"$183,992.00",N,0,1,0
1072,"$50,000.00",Y,0,3,1
2049,"$346,850.00",N,1,1,0
2060,"$127,432.00",N,1,1,0
199,"$153,276.00",N,1,1,0
1921,"$333,189.00",N,0,1,0
1436,"$54,276.00",Y,1,3,1
1591,"$52,316.00",Y,1,3,1
1354,"$196,734.00",N,0,1,0
746,"$329,948.00",N,1,1,0
1605,"$393,603.00",N,0,1,0
365,"$199,234.00",N,0,1,0
854,"$227,616.00",N,1,1,0
2013,"$75,742.00",N,0,2,1
961,"$122,715.00",N,1,1,0
873,"$157,820.00",N,1,1,0
129,"$50,000.00",Y,1,3,1
1516,"$164,447.00",N,0,1,0
1010,"$153,231.00",N,1,1,0
306,"$50,000.00",Y,0,3,1
1152,"$381,426.00",N,0,1,0
562,"$50,000.00",Y,1,3,1
2310,"$191,797.00",N,1,1,0
333,"$334,703.00",N,1,1,0
1086,"$50,000.00",Y,0,3,1
528,"$399,900.00",N,0,1,0
46,"$235,498.00",N,0,1,0
283,"$50,000.00",Y,0,3,1
377,"$326,349.00",N,0,1,0
674,"$102,467.00",N,0,1,0
1358,"$184,393.00",N,1,1,0
724,"$67,846.00",N,0,2,1
1775,"$50,000.00",Y,0,3,1
2074,"$205,973.00",N,1,1,0
2444,"$396,735.00",N,1,1,0
1018,"$59,838.00",N,1,2,1
1540,"$188,590.00",N,0,1,0
1759,"$201,849.00",N,1,1,0
1903,"$208,294.00",N,1,1,0
2268,"$182,831.00",N,1,1,0
1056,"$196,344.00",N,1,1,0
20,"$98,269.00",N,1,1,0
15,"$50,000.00",Y,1,3,1
1015,"$43,110.00",Y,1,3,1
2234,"$189,296.00",N,0,1,0
885,"$50,000.00",Y,0,3,1
2450,"$196,070.00",N,1,1,0
1700,"$204,306.00",N,1,1,0
632,"$197,858.00",N,1,1,0
2251,"$186,976.00",N,0,1,0
1946,"$52,064.00",Y,1,3,1
1760,"$352,098.00",N,0,1,0
578,"$109,557.00",N,0,1,0
859,"$191,007.00",N,0,1,0
526,"$197,509.00",N,1,1,0
2140,"$36,204.00",Y,1,3,1
1881,"$222,341.00",N,1,1,0
159,"$182,417.00",N,1,1,0
642,"$196,054.00",N,0,1,0
2604,"$292,202.00",N,1,1,0
2425,"$130,993.00",N,0,1,0
926,"$191,772.00",N,0,1,0
1406,"$50,000.00",Y,0,3,1
2366,"$335,465.00",N,1,1,0
2518,"$81,627.00",N,0,1,0
737,"$206,328.00",N,1,1,0
2282,"$82,078.00",N,1,1,0
676,"$195,568.00",N,0,1,0
2110,"$208,973.00",N,0,1,0
731,"$50,000.00",Y,0,3,1
1713,"$91,350.00",N,1,1,0
1331,"$50,000.00",Y,1,3,1
1306,"$50,000.00",Y,0,3,1
1854,"$171,931.00",N,0,1,0
61,"$100,340.00",N,1,1,0
489,"$50,000.00",Y,1,3,1
1356,"$116,161.00",N,0,1,0
358,"$50,000.00",Y,1,3,1
1396,"$50,000.00",Y,1,3,1
161,"$285,395.00",N,0,1,0
2005,"$50,000.00",Y,0,3,1
1810,"$50,000.00",Y,0,3,1
1123,"$50,000.00",Y,0,3,1
243,"$79,237.00",N,1,2,1
1088,"$181,893.00",N,1,1,0
373,"$109,825.00",N,0,1,0
803,"$50,000.00",Y,0,3,1
1456,"$192,546.00",N,1,1,0
953,"$50,000.00",Y,0,3,1
2575,"$77,323.00",N,1,2,1
28,"$336,890.00",N,1,1,0
2304,"$93,196.00",N,1,1,0
281,"$358,738.00",N,1,1,0
1224,"$81,956.00",N,0,1,0
931,"$208,747.00",N,0,1,0
1333,"$272,467.00",N,0,1,0
1667,"$50,000.00",Y,1,3,1
2607,"$50,000.00",Y,0,3,1
720,"$66,662.00",N,1,2,1
152,"$50,000.00",Y,0,3,1
2232,"$50,000.00",Y,0,3,1
513,"$105,901.00",N,0,1,0
531,"$125,457.00",N,1,1,0
1462,"$375,061.00",N,0,1,0
1721,"$158,242.00",N,0,1,0
272,"$50,000.00",Y,0,3,1
1883,"$149,011.00",N,0,1,0
2137,"$187,766.00",N,1,1,0
1459,"$62,339.00",N,1,2,1
366,"$188,792.00",N,0,1,0
263,"$50,000.00",Y,0,3,1
1608,"$50,000.00",Y,1,3,1
913,"$185,529.00",N,0,1,0
875,"$202,085.00",N,1,1,0
1185,"$50,000.00",Y,0,3,1
1186,"$202,578.00",N,0,1,0
1999,"$209,868.00",N,0,1,0
378,"$50,000.00",Y,0,3,1
865,"$206,028.00",N,0,1,0
1742,"$53,507.00",Y,1,3,1
1403,"$88,800.00",N,0,1,0
1246,"$181,513.00",N,0,1,0
2491,"$121,484.00",N,1,1,0
2612,"$203,515.00",N,0,1,0
987,"$193,363.00",N,1,1,0
2524,"$50,000.00",Y,1,3,1
1734,"$126,930.00",N,0,1,0
1615,"$50,000.00",Y,1,3,1
1985,"$50,039.00",Y,0,3,1
153,"$206,713.00",N,1,1,0
1094,"$141,351.00",N,0,1,0
91,"$50,000.00",Y,1,3,1
2441,"$298,686.00",N,1,1,0
2298,"$60,130.00",N,1,2,1
227,"$116,065.00",N,0,1,0
1934,"$149,463.00",N,0,1,0
1326,"$159,126.00",N,1,1,0
345,"$53,570.00",Y,0,3,1
182,"$186,308.00",N,0,1,0
2270,"$193,819.00",N,0,1,0
1505,"$262,553.00",N,0,1,0
1580,"$82,771.00",N,0,1,0
503,"$87,615.00",N,1,1,0
1111,"$55,620.00",Y,0,3,1
2295,"$106,477.00",N,1,1,0
2046,"$50,000.00",Y,0,3,1
2334,"$385,898.00",N,1,1,0
1748,"$320,427.00",N,0,1,0
2560,"$50,000.00",Y,1,3,1
2200,"$98,350.00",N,0,1,0
1631,"$194,291.00",N,0,1,0
2272,"$176,124.00",N,0,1,0
1484,"$60,799.00",N,0,2,1
775,"$190,085.00",N,1,1,0
1278,"$177,857.00",N,0,1,0
334,"$188,667.00",N,1,1,0
1628,"$203,625.00",N,1,1,0
1439,"$61,918.00",N,1,2,1
2618,"$60,341.00",N,0,2,1
2445,"$188,135.00",N,1,1,0
2223,"$264,935.00",N,1,1,0
1712,"$190,617.00",N,0,1,0
1417,"$201,833.00",N,1,1,0
1418,"$50,000.00",Y,0,3,1
1055,"$50,000.00",Y,0,3,1
1508,"$50,000.00",Y,0,3,1
1906,"$232,125.00",N,1,1,0
433,"$330,392.00",N,1,1,0
811,"$196,895.00",N,1,1,0
1900,"$77,367.00",N,1,2,1
824,"$50,000.00",Y,1,3,1
2210,"$50,000.00",Y,0,3,1
1562,"$40,645.00",Y,1,3,1
467,"$105,535.00",N,1,1,0
2019,"$186,238.00",N,1,1,0
1321,"$50,000.00",Y,1,3,1
2269,"$50,000.00",Y,1,3,1
2174,"$348,180.00",N,1,1,0
2464,"$204,321.00",N,1,1,0
671,"$368,820.00",N,1,1,0
2548,"$316,959.00",N,1,1,0
1938,"$191,102.00",N,0,1,0
1567,"$46,421.00",Y,0,3,1
1627,"$113,104.00",N,1,1,0
346,"$181,574.00",N,1,1,0
1940,"$347,277.00",N,0,1,0
1113,"$238,617.00",N,0,1,0
1526,"$50,000.00",Y,1,3,1
2064,"$194,314.00",N,0,1,0
1744,"$344,373.00",N,1,1,0
1911,"$50,000.00",Y,0,3,1
895,"$50,000.00",Y,0,3,1
868,"$37,391.00",Y,0,3,1
1241,"$106,247.00",N,1,1,0
1212,"$38,863.00",Y,1,3,1
2351,"$379,443.00",N,1,1,0
788,"$337,138.00",N,0,1,0
767,"$203,874.00",N,0,1,0
2466,"$277,334.00",N,0,1,0
1421,"$197,861.00",N,0,1,0
1970,"$194,446.00",N,0,1,0
717,"$62,194.00",N,0,2,1
544,"$50,000.00",Y,0,3,1
893,"$50,000.00",Y,1,3,1
2151,"$193,339.00",N,0,1,0
826,"$81,674.00",N,0,1,0
600,"$207,397.00",N,0,1,0
1837,"$317,649.00",N,0,1,0
1987,"$50,000.00",Y,0,3,1
1785,"$154,968.00",N,1,1,0
197,"$50,000.00",Y,0,3,1
383,"$193,767.00",N,0,1,0
2322,"$208,255.00",N,1,1,0
288,"$212,652.00",N,1,1,0
1022,"$191,016.00",N,1,1,0
1705,"$181,333.00",N,1,1,0
1865,"$50,000.00",Y,1,3,1
109,"$50,000.00",Y,1,3,1
1535,"$191,122.00",N,1,1,0
2328,"$50,000.00",Y,1,3,1
749,"$62,827.00",N,0,2,1
2300,"$313,641.00",N,0,1,0
974,"$104,802.00",N,1,1,0
870,"$199,847.00",N,0,1,0
545,"$199,628.00",N,1,1,0
136,"$50,000.00",Y,1,3,1
2377,"$118,215.00",N,1,1,0
1327,"$50,000.00",Y,1,3,1
453,"$388,850.00",N,0,1,0
1901,"$115,264.00",N,0,1,0
2501,"$50,000.00",Y,1,3,1
1114,"$308,134.00",N,1,1,0
976,"$232,619.00",N,1,1,0
2306,"$50,000.00",Y,0,3,1
1595,"$234,458.00",N,1,1,0
388,"$89,470.00",N,1,1,0
191,"$189,210.00",N,0,1,0
851,"$50,000.00",Y,0,3,1
417,"$359,693.00",N,0,1,0
104,"$248,329.00",N,1,1,0
222,"$140,631.00",N,1,1,0
1504,"$185,208.00",N,0,1,0
342,"$206,776.00",N,0,1,0
337,"$194,373.00",N,0,1,0
2439,"$253,661.00",N,0,1,0
786,"$48,340.00",Y,1,3,1
1589,"$209,556.00",N,1,1,0
1001,"$205,964.00",N,1,1,0
1115,"$197,664.00",N,1,1,0
300,"$82,761.00",N,0,1,0
347,"$50,000.00",Y,1,3,1
997,"$50,000.00",Y,0,3,1
1664,"$50,000.00",Y,0,3,1
1949,"$156,748.00",N,0,1,0
1093,"$64,879.00",N,1,2,1
379,"$103,730.00",N,1,1,0
2153,"$132,766.00",N,0,1,0
1660,"$306,218.00",N,1,1,0
1262,"$244,532.00",N,1,1,0
2406,"$312,194.00",N,0,1,0
814,"$50,000.00",Y,1,3,1
1461,"$50,000.00",Y,1,3,1
2020,"$325,172.00",N,0,1,0
1134,"$50,000.00",Y,1,3,1
1127,"$372,638.00",N,0,1,0
2196,"$204,557.00",N,1,1,0
1528,"$343,433.00",N,0,1,0
1979,"$183,027.00",N,1,1,0
1293,"$50,000.00",Y,1,3,1
1590,"$185,616.00",N,1,1,0
1082,"$50,000.00",Y,1,3,1
743,"$184,182.00",N,0,1,0
640,"$162,083.00",N,1,1,0
2017,"$106,489.00",N,1,1,0
480,"$121,510.00",N,1,1,0
1506,"$85,014.00",N,0,1,0
200,"$206,213.00",N,0,1,0
238,"$50,000.00",Y,1,3,1
165,"$324,908.00",N,1,1,0
291,"$50,000.00",Y,0,3,1
1634,"$188,132.00",N,1,1,0
2602,"$189,243.00",N,0,1,0
1618,"$203,086.00",N,1,1,0
1033,"$50,000.00",Y,1,3,1
1815,"$240,567.00",N,0,1,0
1424,"$375,966.00",N,0,1,0
1004,"$185,466.00",N,0,1,0
777,"$140,673.00",N,0,1,0
972,"$329,045.00",N,0,1,0
2583,"$198,194.00",N,0,1,0
1542,"$50,000.00",Y,0,3,1
548,"$114,044.00",N,1,1,0
727,"$191,003.00",N,1,1,0
1850,"$262,262.00",N,1,1,0
1893,"$319,693.00",N,1,1,0
1296,"$50,000.00",Y,0,3,1
2613,"$187,971.00",N,0,1,0
525,"$50,000.00",Y,0,3,1
89,"$50,000.00",Y,0,3,1
1534,"$46,448.00",Y,1,3,1
2246,"$310,502.00",N,1,1,0
486,"$165,559.00",N,0,1,0
2126,"$101,848.00",N,0,1,0
348,"$186,212.00",N,0,1,0
752,"$50,000.00",Y,0,3,1
120,"$370,105.00",N,0,1,0
1974,"$50,000.00",Y,0,3,1
2565,"$50,000.00",Y,1,3,1
354,"$50,000.00",Y,0,3,1
1357,"$194,928.00",N,1,1,0
879,"$104,680.00",N,0,1,0
99,"$145,148.00",N,0,1,0
172,"$207,199.00",N,1,1,0
923,"$304,101.00",N,1,1,0
203,"$297,885.00",N,0,1,0
785,"$89,235.00",N,0,1,0
432,"$201,671.00",N,1,1,0
2053,"$208,663.00",N,0,1,0
2216,"$194,998.00",N,1,1,0
705,"$184,120.00",N,1,1,0
1978,"$136,967.00",N,1,1,0
2073,"$296,747.00",N,1,1,0
631,"$50,000.00",Y,1,3,1
1717,"$255,586.00",N,0,1,0
1565,"$303,007.00",N,1,1,0
41,"$197,549.00",N,1,1,0
787,"$93,524.00",N,1,1,0
702,"$269,962.00",N,0,1,0
1889,"$134,339.00",N,1,1,0
1213,"$61,948.00",N,0,2,1
983,"$50,000.00",Y,1,3,1
2031,"$184,105.00",N,0,1,0
1548,"$232,786.00",N,0,1,0
1265,"$48,584.00",Y,0,3,1
1727,"$121,121.00",N,1,1,0
2134,"$206,208.00",N,0,1,0
1112,"$134,779.00",N,1,1,0
947,"$170,924.00",N,1,1,0
1047,"$140,840.00",N,0,1,0
1644,"$228,526.00",N,0,1,0
255,"$203,075.00",N,1,1,0
1014,"$188,952.00",N,1,1,0
2292,"$185,214.00",N,1,1,0
31,"$272,213.00",N,1,1,0
2236,"$173,329.00",N,0,1,0
1079,"$58,316.00",N,0,2,1
2000,"$66,659.00",N,1,2,1
1238,"$338,477.00",N,0,1,0
1969,"$50,000.00",Y,1,3,1
877,"$192,458.00",N,0,1,0
2500,"$107,606.00",N,1,1,0
2394,"$188,711.00",N,1,1,0
2509,"$200,206.00",N,0,1,0
1132,"$271,843.00",N,1,1,0
2381,"$161,048.00",N,1,1,0
428,"$50,000.00",Y,1,3,1
86,"$50,000.00",Y,0,3,1
1839,"$223,848.00",N,0,1,0
2258,"$191,233.00",N,0,1,0
2408,"$80,778.00",N,0,1,0
1755,"$142,600.00",N,1,1,0
1412,"$50,000.00",Y,1,3,1
1556,"$287,155.00",N,1,1,0
1601,"$189,525.00",N,1,1,0
925,"$98,885.00",N,0,1,0
128,"$50,000.00",Y,1,3,1
1078,"$191,194.00",N,1,1,0
1077,"$49,703.00",Y,1,3,1
733,"$187,302.00",N,0,1,0
193,"$137,401.00",N,1,1,0
402,"$191,575.00",N,0,1,0
1702,"$189,451.00",N,1,1,0
1749,"$51,981.00",Y,1,3,1
1310,"$50,000.00",Y,0,3,1
1476,"$365,457.00",N,1,1,0
2178,"$50,204.00",Y,0,3,1
682,"$74,283.00",N,0,2,1
134,"$198,531.00",N,0,1,0
2173,"$36,502.00",Y,0,3,1
2281,"$326,095.00",N,1,1,0
2218,"$338,984.00",N,1,1,0
1763,"$50,000.00",Y,1,3,1
1538,"$206,686.00",N,0,1,0
1276,"$50,000.00",Y,1,3,1
683,"$50,000.00",Y,0,3,1
609,"$36,935.00",Y,1,3,1
782,"$178,063.00",N,0,1,0
1622,"$208,513.00",N,1,1,0
21,"$74,831.00",N,0,2,1
1034,"$50,000.00",Y,0,3,1
2454,"$50,000.00",Y,0,3,1
590,"$99,672.00",N,0,1,0
1292,"$201,340.00",N,0,1,0
1726,"$183,774.00",N,0,1,0
1370,"$48,796.00",Y,1,3,1
1669,"$64,594.00",N,1,2,1
1347,"$81,888.00",N,1,1,0
937,"$236,837.00",N,0,1,0
2076,"$304,381.00",N,0,1,0
1019,"$76,868.00",N,0,2,1
1756,"$264,368.00",N,1,1,0
93,"$185,360.00",N,1,1,0
2608,"$187,967.00",N,1,1,0
2588,"$135,365.00",N,1,1,0
1569,"$250,433.00",N,0,1,0
915,"$183,946.00",N,1,1,0
1454,"$101,617.00",N,0,1,0
1993,"$394,233.00",N,1,1,0
1195,"$70,070.00",N,0,2,1
1066,"$209,633.00",N,1,1,0
498,"$50,000.00",Y,0,3,1
2213,"$50,000.00",Y,1,3,1
2388,"$50,000.00",Y,1,3,1
1691,"$206,751.00",N,1,1,0
1039,"$182,460.00",N,0,1,0
547,"$225,925.00",N,0,1,0
1718,"$50,000.00",Y,1,3,1
2435,"$66,577.00",N,0,2,1
1962,"$181,377.00",N,0,1,0
1007,"$93,346.00",N,0,1,0
1646,"$287,552.00",N,1,1,0
1972,"$340,636.00",N,1,1,0
233,"$211,909.00",N,0,1,0
2027,"$50,000.00",Y,1,3,1
2161,"$50,000.00",Y,0,3,1
51,"$341,656.00",N,1,1,0
2513,"$204,257.00",N,1,1,0
1128,"$50,000.00",Y,1,3,1
2503,"$50,000.00",Y,1,3,1
2253,"$208,943.00",N,1,1,0
1778,"$120,121.00",N,0,1,0
287,"$363,846.00",N,1,1,0
2021,"$50,000.00",Y,1,3,1
27,"$37,543.00",Y,1,3,1
1499,"$187,093.00",N,1,1,0
127,"$159,616.00",N,1,1,0
2199,"$50,000.00",Y,0,3,1
2389,"$315,545.00",N,0,1,0
1896,"$293,710.00",N,1,1,0
1614,"$203,245.00",N,0,1,0
2193,"$50,000.00",Y,0,3,1
959,"$146,369.00",N,1,1,0
2460,"$185,473.00",N,0,1,0
493,"$190,833.00",N,1,1,0
2160,"$288,494.00",N,0,1,0
845,"$183,121.00",N,1,1,0
886,"$50,000.00",Y,0,3,1
245,"$207,763.00",N,0,1,0
1689,"$99,931.00",N,0,1,0
1344,"$232,267.00",N,0,1,0
5,"$181,318.00",N,0,1,0
1868,"$145,103.00",N,1,1,0
2043,"$50,000.00",Y,0,3,1
820,"$184,587.00",N,1,1,0
1812,"$194,031.00",N,1,1,0
757,"$193,690.00",N,1,1,0
1138,"$224,173.00",N,0,1,0
1147,"$191,185.00",N,1,1,0
2022,"$50,000.00",Y,1,3,1
2458,"$199,721.00",N,0,1,0
869,"$96,975.00",N,1,1,0
1384,"$169,416.00",N,0,1,0
1281,"$50,000.00",Y,0,3,1
270,"$50,000.00",Y,0,3,1
303,"$127,494.00",N,1,1,0
2585,"$196,499.00",N,0,1,0
2250,"$44,006.00",Y,1,3,1
1468,"$107,810.00",N,0,1,0
1342,"$100,673.00",N,0,1,0
1935,"$329,312.00",N,0,1,0
2257,"$190,947.00",N,0,1,0
1149,"$298,079.00",N,1,1,0
225,"$71,739.00",N,0,2,1
2589,"$198,635.00",N,1,1,0
940,"$147,431.00",N,1,1,0
1279,"$67,653.00",N,0,2,1
1102,"$375,805.00",N,0,1,0
173,"$136,202.00",N,0,1,0
1283,"$181,952.00",N,1,1,0
621,"$150,068.00",N,0,1,0
2255,"$185,742.00",N,1,1,0
1235,"$191,965.00",N,1,1,0
1770,"$205,410.00",N,0,1,0
1433,"$194,361.00",N,1,1,0
85,"$366,931.00",N,0,1,0
2600,"$244,737.00",N,1,1,0
1807,"$204,870.00",N,0,1,0
1657,"$173,203.00",N,1,1,0
1976,"$198,588.00",N,1,1,0
713,"$50,000.00",Y,1,3,1
2516,"$209,186.00",N,0,1,0
1181,"$84,598.00",N,1,1,0
1492,"$50,000.00",Y,1,3,1
2217,"$50,000.00",Y,0,3,1
2277,"$162,696.00",N,0,1,0
1350,"$181,836.00",N,0,1,0
1843,"$195,788.00",N,1,1,0
1414,"$158,925.00",N,1,1,0
1680,"$171,739.00",N,0,1,0
2482,"$50,000.00",Y,1,3,1
797,"$50,000.00",Y,1,3,1
2603,"$50,000.00",Y,0,3,1
1782,"$190,363.00",N,1,1,0
2451,"$148,554.00",N,1,1,0
185,"$117,225.00",N,1,1,0
954,"$50,000.00",Y,0,3,1
1103,"$209,167.00",N,1,1,0
2459,"$167,609.00",N,0,1,0
660,"$50,000.00",Y,0,3,1
299,"$167,399.00",N,1,1,0
2446,"$50,000.00",Y,0,3,1
1150,"$80,134.00",N,0,1,0
371,"$50,000.00",Y,1,3,1
410,"$394,475.00",N,1,1,0
2452,"$109,141.00",N,1,1,0
1488,"$338,335.00",N,1,1,0
2150,"$363,990.00",N,0,1,0
2254,"$98,117.00",N,0,1,0
1751,"$239,003.00",N,0,1,0
2111,"$146,406.00",N,1,1,0
936,"$203,783.00",N,1,1,0
1989,"$159,682.00",N,1,1,0
1466,"$50,000.00",Y,1,3,1
1741,"$183,383.00",N,1,1,0
588,"$115,541.00",N,1,1,0
807,"$190,095.00",N,1,1,0
2576,"$187,035.00",N,1,1,0
30,"$192,675.00",N,0,1,0
1470,"$291,596.00",N,1,1,0
213,"$131,322.00",N,0,1,0
2316,"$120,985.00",N,1,1,0
1117,"$364,845.00",N,1,1,0
135,"$101,268.00",N,1,1,0
773,"$197,718.00",N,0,1,0
1487,"$198,997.00",N,0,1,0
1478,"$50,000.00",Y,1,3,1
229,"$241,173.00",N,1,1,0
1008,"$277,978.00",N,1,1,0
1790,"$50,000.00",Y,0,3,1
1287,"$96,875.00",N,0,1,0
494,"$306,168.00",N,0,1,0
592,"$163,306.00",N,0,1,0
2120,"$44,370.00",Y,1,3,1
1996,"$200,946.00",N,0,1,0
825,"$206,477.00",N,0,1,0
1050,"$182,543.00",N,1,1,0
1663,"$152,688.00",N,0,1,0
80,"$50,000.00",Y,1,3,1
860,"$64,625.00",N,1,2,1
2448,"$198,147.00",N,1,1,0
520,"$187,707.00",N,0,1,0
1068,"$389,383.00",N,0,1,0
1397,"$208,917.00",N,0,1,0
2486,"$50,000.00",Y,0,3,1
948,"$141,041.00",N,0,1,0
579,"$135,474.00",N,0,1,0
395,"$78,254.00",N,0,2,1
2327,"$129,239.00",N,1,1,0
1304,"$205,439.00",N,1,1,0
1914,"$50,000.00",Y,1,3,1
1162,"$50,000.00",Y,1,3,1
169,"$167,305.00",N,0,1,0
627,"$192,446.00",N,0,1,0
95,"$319,432.00",N,0,1,0
1338,"$50,000.00",Y,1,3,1
1270,"$148,920.00",N,1,1,0
66,"$50,000.00",Y,1,3,1
1498,"$50,000.00",Y,0,3,1
2563,"$242,261.00",N,1,1,0
107,"$252,241.00",N,0,1,0
1870,"$50,000.00",Y,1,3,1
1290,"$187,029.00",N,0,1,0
620,"$41,160.00",Y,1,3,1
1191,"$156,383.00",N,1,1,0
2147,"$194,909.00",N,1,1,0
1106,"$259,698.00",N,1,1,0
541,"$50,000.00",Y,1,3,1
1831,"$84,247.00",N,0,1,0
96,"$239,830.00",N,0,1,0
1853,"$50,000.00",Y,1,3,1
2226,"$331,954.00",N,0,1,0
793,"$53,324.00",Y,0,3,1
1882,"$190,770.00",N,1,1,0
2116,"$108,870.00",N,1,1,0
734,"$208,899.00",N,1,1,0
1173,"$50,000.00",Y,0,3,1
1260,"$50,000.00",Y,0,3,1
1240,"$201,738.00",N,1,1,0
301,"$217,122.00",N,1,1,0
1176,"$348,900.00",N,0,1,0
2522,"$50,000.00",Y,1,3,1
821,"$50,000.00",Y,0,3,1
2311,"$38,974.00",Y,0,3,1
2360,"$119,312.00",N,0,1,0
178,"$191,320.00",N,1,1,0
500,"$200,388.00",N,1,1,0
1269,"$125,084.00",N,0,1,0
1694,"$50,000.00",Y,0,3,1
1986,"$50,000.00",Y,0,3,1
2125,"$205,935.00",N,0,1,0
2001,"$259,194.00",N,0,1,0
2330,"$186,109.00",N,0,1,0
1232,"$298,349.00",N,0,1,0
2228,"$218,529.00",N,1,1,0
431,"$50,000.00",Y,1,3,1
1695,"$194,098.00",N,1,1,0
2155,"$72,187.00",N,0,2,1
1968,"$50,000.00",Y,1,3,1
1919,"$131,919.00",N,0,1,0
2504,"$203,601.00",N,1,1,0
189,"$191,160.00",N,0,1,0
115,"$142,122.00",N,0,1,0
816,"$193,463.00",N,0,1,0
1474,"$192,741.00",N,0,1,0
2256,"$50,000.00",Y,1,3,1
1448,"$77,207.00",N,1,2,1
2358,"$50,000.00",Y,1,3,1
143,"$169,344.00",N,1,1,0
708,"$158,026.00",N,0,1,0
439,"$152,602.00",N,1,1,0
834,"$324,578.00",N,0,1,0
2166,"$206,774.00",N,1,1,0
1248,"$115,304.00",N,0,1,0
407,"$117,212.00",N,0,1,0
1603,"$226,015.00",N,1,1,0
394,"$50,000.00",Y,1,3,1
2168,"$173,089.00",N,0,1,0
2136,"$183,875.00",N,0,1,0
1814,"$378,362.00",N,0,1,0
2206,"$35,452.00",Y,0,3,1
1927,"$63,499.00",N,1,2,1
1449,"$228,918.00",N,1,1,0
1054,"$208,426.00",N,1,1,0
2264,"$54,654.00",Y,0,3,1
216,"$320,222.00",N,1,1,0
184,"$201,491.00",N,1,1,0
56,"$124,860.00",N,0,1,0
1164,"$42,756.00",Y,0,3,1
2597,"$50,000.00",Y,1,3,1
582,"$265,689.00",N,0,1,0
1988,"$372,819.00",N,0,1,0
1513,"$385,251.00",N,0,1,0
1119,"$203,774.00",N,1,1,0
576,"$216,364.00",N,0,1,0
519,"$201,125.00",N,1,1,0
1026,"$183,615.00",N,0,1,0
754,"$202,329.00",N,0,1,0
400,"$385,045.00",N,0,1,0
1957,"$50,000.00",Y,1,3,1
1806,"$342,339.00",N,0,1,0
1158,"$112,343.00",N,1,1,0
234,"$50,000.00",Y,1,3,1
1266,"$160,772.00",N,1,1,0
261,"$351,383.00",N,0,1,0
1163,"$50,000.00",Y,1,3,1
22,"$112,938.00",N,0,1,0
603,"$50,000.00",Y,1,3,1
2179,"$50,000.00",Y,1,3,1
1388,"$206,188.00",N,0,1,0
1229,"$308,722.00",N,0,1,0
1236,"$50,000.00",Y,0,3,1
795,"$209,117.00",N,1,1,0
729,"$318,906.00",N,0,1,0
1575,"$194,683.00",N,1,1,0
2577,"$50,000.00",Y,0,3,1
1753,"$114,594.00",N,0,1,0
2409,"$186,925.00",N,1,1,0
1374,"$50,000.00",Y,0,3,1
1527,"$165,801.00",N,1,1,0
125,"$131,657.00",N,0,1,0
2567,"$133,148.00",N,0,1,0
1140,"$114,314.00",N,1,1,0
355,"$50,000.00",Y,0,3,1
1587,"$396,620.00",N,1,1,0
82,"$172,565.00",N,0,1,0
118,"$151,667.00",N,1,1,0
2571,"$190,385.00",N,0,1,0
774,"$257,947.00",N,0,1,0
2550,"$197,666.00",N,1,1,0
2113,"$50,000.00",Y,0,3,1
1130,"$50,000.00",Y,1,3,1
1980,"$368,589.00",N,1,1,0
1003,"$57,233.00",Y,1,3,1
1036,"$50,000.00",Y,1,3,1
608,"$202,098.00",N,1,1,0
657,"$176,244.00",N,0,1,0
1300,"$150,200.00",N,0,1,0
553,"$169,617.00",N,0,1,0
1736,"$88,230.00",N,0,1,0
1233,"$50,000.00",Y,0,3,1
2402,"$181,153.00",N,0,1,0
75,"$189,641.00",N,0,1,0
2380,"$108,559.00",N,0,1,0
1203,"$244,290.00",N,0,1,0
667,"$50,000.00",Y,0,3,1
1690,"$137,474.00",N,0,1,0
2303,"$120,893.00",N,0,1,0
385,"$293,987.00",N,1,1,0
1771,"$196,977.00",N,1,1,0
2296,"$50,000.00",Y,1,3,1
1685,"$96,094.00",N,1,1,0
2462,"$204,873.00",N,1,1,0
2261,"$128,457.00",N,0,1,0
2273,"$192,705.00",N,1,1,0
847,"$222,178.00",N,1,1,0
442,"$204,555.00",N,1,1,0
2506,"$85,961.00",N,1,1,0
1733,"$190,500.00",N,1,1,0
1257,"$195,891.00",N,1,1,0
163,"$50,000.00",Y,1,3,1
2561,"$274,396.00",N,0,1,0
719,"$61,676.00",N,1,2,1
2302,"$182,121.00",N,0,1,0
497,"$251,263.00",N,1,1,0
1187,"$157,244.00",N,0,1,0
1602,"$204,129.00",N,0,1,0
2135,"$88,278.00",N,0,1,0
1613,"$50,000.00",Y,0,3,1
1193,"$192,452.00",N,1,1,0
1243,"$241,660.00",N,1,1,0
1263,"$50,000.00",Y,0,3,1
1509,"$50,000.00",Y,1,3,1
2202,"$209,557.00",N,1,1,0
601,"$152,707.00",N,1,1,0
2121,"$177,918.00",N,1,1,0
1995,"$319,099.00",N,0,1,0
398,"$50,000.00",Y,0,3,1
1862,"$211,422.00",N,1,1,0
852,"$50,000.00",Y,1,3,1
1676,"$50,000.00",Y,0,3,1
722,"$50,000.00",Y,0,3,1
896,"$121,340.00",N,0,1,0
990,"$149,662.00",N,0,1,0
2093,"$367,724.00",N,0,1,0
419,"$84,739.00",N,0,1,0
2221,"$187,292.00",N,1,1,0
1954,"$50,000.00",Y,0,3,1
1711,"$208,183.00",N,0,1,0
1151,"$182,451.00",N,0,1,0
179,"$366,547.00",N,0,1,0
689,"$50,000.00",Y,1,3,1
668,"$93,601.00",N,0,1,0
2457,"$181,778.00",N,1,1,0
908,"$50,000.00",Y,1,3,1
957,"$359,331.00",N,1,1,0
231,"$348,613.00",N,0,1,0
1841,"$198,204.00",N,0,1,0
2283,"$216,388.00",N,1,1,0
1038,"$50,000.00",Y,1,3,1
804,"$191,885.00",N,0,1,0
319,"$191,937.00",N,1,1,0
490,"$50,000.00",Y,1,3,1
1507,"$158,874.00",N,0,1,0
194,"$92,928.00",N,0,1,0
1524,"$185,239.00",N,0,1,0
2108,"$204,188.00",N,0,1,0
1737,"$84,784.00",N,1,1,0
2276,"$50,000.00",Y,1,3,1
492,"$50,000.00",Y,1,3,1
2176,"$90,243.00",N,1,1,0
304,"$102,010.00",N,0,1,0
1772,"$50,000.00",Y,0,3,1
464,"$58,858.00",N,0,2,1
483,"$206,591.00",N,1,1,0
703,"$254,522.00",N,0,1,0
607,"$50,000.00",Y,0,3,1
1902,"$50,000.00",Y,0,3,1
1558,"$78,308.00",N,1,2,1
286,"$187,264.00",N,0,1,0
2107,"$97,382.00",N,1,1,0
465,"$50,000.00",Y,1,3,1
1420,"$231,060.00",N,0,1,0
1175,"$47,003.00",Y,0,3,1
305,"$50,000.00",Y,1,3,1
208,"$179,658.00",N,0,1,0
690,"$50,000.00",Y,1,3,1
853,"$147,506.00",N,0,1,0
563,"$181,074.00",N,1,1,0
2190,"$203,907.00",N,0,1,0
1105,"$228,722.00",N,1,1,0
501,"$50,000.00",Y,0,3,1
1933,"$77,758.00",N,1,2,1
1323,"$160,778.00",N,1,1,0
2141,"$168,352.00",N,1,1,0
714,"$123,677.00",N,0,1,0
1632,"$50,000.00",Y,1,3,1
882,"$121,342.00",N,1,1,0
1547,"$365,889.00",N,0,1,0
1888,"$50,000.00",Y,0,3,1
412,"$142,431.00",N,0,1,0
1485,"$164,787.00",N,1,1,0
370,"$50,000.00",Y,0,3,1
523,"$209,407.00",N,0,1,0
2493,"$202,477.00",N,1,1,0
1483,"$50,000.00",Y,0,3,1
1437,"$50,000.00",Y,1,3,1
1017,"$191,033.00",N,1,1,0
2014,"$347,268.00",N,1,1,0
949,"$199,765.00",N,0,1,0
1880,"$55,217.00",Y,1,3,1
994,"$145,019.00",N,1,1,0
2129,"$60,134.00",N,1,2,1
2378,"$50,000.00",Y,1,3,1
487,"$124,205.00",N,0,1,0
2090,"$189,573.00",N,1,1,0
996,"$36,237.00",Y,0,3,1
1791,"$185,499.00",N,0,1,0
910,"$118,254.00",N,1,1,0
353,"$69,885.00",N,0,2,1
846,"$50,000.00",Y,1,3,1
867,"$169,177.00",N,0,1,0
126,"$50,000.00",Y,0,3,1
2181,"$50,000.00",Y,1,3,1
2229,"$39,717.00",Y,1,3,1
958,"$155,225.00",N,1,1,0
906,"$50,000.00",Y,1,3,1
180,"$152,347.00",N,0,1,0
2052,"$110,585.00",N,0,1,0
1253,"$192,357.00",N,0,1,0
680,"$183,212.00",N,1,1,0
1469,"$183,009.00",N,1,1,0
2606,"$50,000.00",Y,1,3,1
1523,"$50,000.00",Y,1,3,1
2067,"$384,653.00",N,1,1,0
1353,"$306,216.00",N,1,1,0
1465,"$50,000.00",Y,1,3,1
57,"$304,349.00",N,1,1,0
1653,"$207,740.00",N,1,1,0
2383,"$327,367.00",N,1,1,0
139,"$198,429.00",N,1,1,0
2008,"$50,000.00",Y,0,3,1
209,"$50,000.00",Y,1,3,1
1963,"$194,001.00",N,0,1,0
967,"$116,882.00",N,0,1,0
1352,"$74,057.00",N,1,2,1
1339,"$148,873.00",N,0,1,0
1859,"$309,507.00",N,1,1,0
76,"$217,571.00",N,0,1,0
1237,"$50,000.00",Y,1,3,1
543,"$98,335.00",N,1,1,0
2569,"$50,000.00",Y,1,3,1
2374,"$167,582.00",N,1,1,0
415,"$192,992.00",N,1,1,0
1607,"$205,709.00",N,0,1,0
1939,"$50,000.00",Y,1,3,1
813,"$196,687.00",N,0,1,0
2062,"$200,093.00",N,0,1,0
759,"$192,547.00",N,1,1,0
462,"$50,000.00",Y,1,3,1
1216,"$186,756.00",N,0,1,0
1415,"$391,993.00",N,1,1,0
2290,"$50,000.00",Y,0,3,1
2086,"$257,638.00",N,0,1,0
1670,"$182,355.00",N,1,1,0
930,"$397,852.00",N,1,1,0
772,"$263,865.00",N,1,1,0
327,"$189,566.00",N,1,1,0
1719,"$200,695.00",N,1,1,0
2479,"$199,337.00",N,0,1,0
2002,"$377,129.00",N,1,1,0
1048,"$191,402.00",N,1,1,0
148,"$184,711.00",N,0,1,0
88,"$395,979.00",N,0,1,0
473,"$41,635.00",Y,0,3,1
1387,"$50,000.00",Y,1,3,1
17,"$189,032.00",N,1,1,0
1894,"$294,323.00",N,0,1,0
1931,"$374,404.00",N,0,1,0
1571,"$104,340.00",N,0,1,0
2319,"$205,482.00",N,1,1,0
688,"$358,457.00",N,0,1,0
744,"$78,200.00",N,1,2,1
596,"$135,147.00",N,0,1,0
1046,"$92,168.00",N,1,1,0
1932,"$228,666.00",N,1,1,0
495,"$52,479.00",Y,1,3,1
823,"$276,890.00",N,1,1,0
830,"$50,000.00",Y,1,3,1
268,"$147,658.00",N,0,1,0
2573,"$191,712.00",N,1,1,0
730,"$101,747.00",N,1,1,0
389,"$50,000.00",Y,1,3,1
2191,"$48,260.00",Y,0,3,1
2520,"$156,967.00",N,0,1,0
260,"$340,975.00",N,1,1,0
827,"$340,409.00",N,1,1,0
691,"$191,113.00",N,0,1,0
2131,"$64,619.00",N,1,2,1
2035,"$237,035.00",N,1,1,0
2301,"$209,560.00",N,0,1,0
1332,"$50,000.00",Y,1,3,1
1190,"$332,069.00",N,0,1,0
2469,"$204,295.00",N,1,1,0
18,"$347,782.00",N,0,1,0
2242,"$160,073.00",N,0,1,0
1752,"$90,370.00",N,0,1,0
1652,"$136,430.00",N,0,1,0
1961,"$203,979.00",N,1,1,0
1217,"$207,645.00",N,0,1,0
1582,"$198,694.00",N,0,1,0
356,"$50,000.00",Y,1,3,1
73,"$136,577.00",N,0,1,0
1148,"$175,517.00",N,0,1,0
1517,"$202,364.00",N,0,1,0
437,"$194,617.00",N,1,1,0
2611,"$208,684.00",N,0,1,0
269,"$96,667.00",N,1,1,0
450,"$393,856.00",N,0,1,0
984,"$50,000.00",Y,0,3,1
1057,"$208,626.00",N,1,1,0
2384,"$209,321.00",N,1,1,0
250,"$77,201.00",N,0,2,1
364,"$197,369.00",N,0,1,0
2465,"$201,045.00",N,0,1,0
1254,"$80,136.00",N,1,1,0
2392,"$58,175.00",Y,1,3,1
1714,"$301,519.00",N,1,1,0
386,"$83,035.00",N,1,1,0
292,"$343,689.00",N,0,1,0
1907,"$82,402.00",N,1,1,0
1311,"$50,000.00",Y,1,3,1
441,"$122,703.00",N,0,1,0
440,"$50,000.00",Y,0,3,1
2467,"$117,677.00",N,0,1,0
704,"$381,322.00",N,1,1,0
2085,"$50,000.00",Y,0,3,1
2418,"$201,161.00",N,1,1,0
629,"$188,662.00",N,1,1,0
2357,"$96,949.00",N,1,1,0
1720,"$205,926.00",N,1,1,0
1100,"$70,031.00",N,1,2,1
1600,"$50,000.00",Y,1,3,1
1258,"$50,000.00",Y,0,3,1
1872,"$92,081.00",N,0,1,0
282,"$292,318.00",N,1,1,0
1923,"$48,060.00",Y,0,3,1
2487,"$190,387.00",N,0,1,0
324,"$191,238.00",N,0,1,0
2233,"$48,458.00",Y,0,3,1
1218,"$200,595.00",N,0,1,0
1706,"$168,371.00",N,1,1,0
515,"$50,000.00",Y,0,3,1
1612,"$125,961.00",N,1,1,0
1698,"$203,376.00",N,1,1,0
406,"$140,097.00",N,0,1,0
706,"$208,082.00",N,1,1,0
1543,"$50,000.00",Y,0,3,1
1552,"$291,432.00",N,1,1,0
1298,"$185,879.00",N,0,1,0
580,"$174,872.00",N,0,1,0
33,"$209,707.00",N,0,1,0
611,"$50,000.00",Y,0,3,1
8,"$50,000.00",Y,0,3,1
1941,"$192,695.00",N,0,1,0
1640,"$113,673.00",N,0,1,0
112,"$50,000.00",Y,1,3,1
1171,"$199,874.00",N,1,1,0
2039,"$158,432.00",N,0,1,0
2152,"$193,654.00",N,0,1,0
619,"$36,518.00",Y,0,3,1
212,"$50,000.00",Y,1,3,1
2071,"$38,683.00",Y,0,3,1
1452,"$193,399.00",N,0,1,0
1052,"$50,000.00",Y,0,3,1
468,"$181,881.00",N,1,1,0
310,"$50,000.00",Y,0,3,1
1381,"$50,000.00",Y,0,3,1
475,"$196,688.00",N,0,1,0
1322,"$130,007.00",N,0,1,0
1394,"$205,160.00",N,1,1,0
92,"$166,619.00",N,0,1,0
2485,"$61,803.00",N,0,2,1
1743,"$333,352.00",N,1,1,0
938,"$321,095.00",N,0,1,0
1440,"$198,718.00",N,1,1,0
32,"$309,839.00",N,0,1,0
411,"$128,872.00",N,1,1,0
1964,"$222,413.00",N,1,1,0
1536,"$203,350.00",N,1,1,0
1267,"$133,254.00",N,1,1,0
2333,"$95,037.00",N,1,1,0
1665,"$46,122.00",Y,1,3,1
1284,"$374,095.00",N,1,1,0
901,"$151,680.00",N,1,1,0
2355,"$184,453.00",N,1,1,0
1011,"$371,748.00",N,1,1,0
1231,"$197,731.00",N,1,1,0
2186,"$123,871.00",N,0,1,0
583,"$365,810.00",N,1,1,0
991,"$251,489.00",N,0,1,0
1467,"$50,000.00",Y,0,3,1
2162,"$50,000.00",Y,0,3,1
2362,"$100,367.00",N,0,1,0
1104,"$102,698.00",N,1,1,0
1443,"$52,723.00",Y,0,3,1
1364,"$181,665.00",N,1,1,0
2369,"$50,000.00",Y,0,3,1
329,"$61,567.00",N,0,2,1
900,"$122,918.00",N,1,1,0
443,"$189,903.00",N,1,1,0
1899,"$50,000.00",Y,1,3,1
1586,"$322,006.00",N,0,1,0
557,"$50,000.00",Y,0,3,1
943,"$50,000.00",Y,0,3,1
765,"$50,000.00",Y,0,3,1
1141,"$50,000.00",Y,0,3,1
927,"$50,000.00",Y,0,3,1
206,"$200,367.00",N,0,1,0
1855,"$191,019.00",N,1,1,0
2531,"$379,465.00",N,1,1,0
1731,"$55,418.00",Y,1,3,1
2098,"$222,625.00",N,1,1,0
226,"$50,000.00",Y,0,3,1
840,"$50,000.00",Y,1,3,1
447,"$380,520.00",N,0,1,0
362,"$45,396.00",Y,0,3,1
1813,"$63,658.00",N,1,2,1
1816,"$95,773.00",N,0,1,0
2235,"$184,953.00",N,0,1,0
507,"$265,734.00",N,1,1,0
2463,"$352,433.00",N,0,1,0
58,"$185,643.00",N,1,1,0
2475,"$50,000.00",Y,1,3,1
151,"$50,000.00",Y,0,3,1
841,"$50,000.00",Y,1,3,1
649,"$50,000.00",Y,1,3,1
16,"$36,506.00",Y,0,3,1
1450,"$80,605.00",N,1,1,0
2051,"$205,674.00",N,1,1,0
1227,"$50,000.00",Y,1,3,1
1597,"$182,551.00",N,0,1,0
2112,"$110,567.00",N,1,1,0
121,"$76,960.00",N,1,2,1
1687,"$50,000.00",Y,0,3,1
452,"$147,881.00",N,0,1,0
650,"$186,158.00",N,0,1,0
2279,"$134,649.00",N,1,1,0
792,"$126,009.00",N,1,1,0
1255,"$188,384.00",N,1,1,0
2579,"$190,895.00",N,0,1,0
1144,"$201,405.00",N,1,1,0
2238,"$117,429.00",N,0,1,0
2145,"$50,000.00",Y,1,3,1
2584,"$50,000.00",Y,0,3,1
1335,"$188,920.00",N,1,1,0
2342,"$47,999.00",Y,1,3,1
103,"$50,000.00",Y,0,3,1
2592,"$88,858.00",N,0,1,0
138,"$320,069.00",N,0,1,0
47,"$136,811.00",N,1,1,0
1578,"$118,818.00",N,1,1,0
989,"$265,396.00",N,1,1,0
615,"$196,755.00",N,1,1,0
1682,"$372,203.00",N,0,1,0
363,"$50,000.00",Y,0,3,1
1379,"$50,000.00",Y,0,3,1
889,"$192,997.00",N,0,1,0
1593,"$187,899.00",N,1,1,0
771,"$327,925.00",N,1,1,0
1431,"$182,957.00",N,1,1,0
2082,"$184,284.00",N,0,1,0
874,"$50,000.00",Y,0,3,1
2361,"$47,211.00",Y,1,3,1
1371,"$50,000.00",Y,1,3,1
763,"$50,000.00",Y,1,3,1
1411,"$302,815.00",N,0,1,0
401,"$191,807.00",N,1,1,0
2015,"$50,000.00",Y,0,3,1
2183,"$92,579.00",N,1,1,0
2016,"$50,000.00",Y,0,3,1
907,"$153,283.00",N,1,1,0
905,"$199,820.00",N,0,1,0
538,"$178,307.00",N,0,1,0
471,"$182,239.00",N,1,1,0
661,"$91,367.00",N,1,1,0
836,"$397,223.00",N,0,1,0
154,"$80,448.00",N,1,1,0
1845,"$181,821.00",N,1,1,0
1063,"$385,869.00",N,1,1,0
332,"$184,167.00",N,0,1,0
340,"$69,366.00",N,1,2,1
699,"$111,871.00",N,0,1,0
978,"$207,185.00",N,1,1,0
2187,"$185,177.00",N,1,1,0
105,"$37,967.00",Y,1,3,1
2421,"$143,465.00",N,1,1,0
204,"$191,509.00",N,1,1,0
1091,"$92,855.00",N,1,1,0
90,"$50,000.00",Y,0,3,1
751,"$167,447.00",N,1,1,0
266,"$298,231.00",N,1,1,0
697,"$190,361.00",N,0,1,0
1860,"$194,851.00",N,0,1,0
2354,"$271,419.00",N,0,1,0
1512,"$207,113.00",N,0,1,0
106,"$50,000.00",Y,0,3,1
1707,"$50,000.00",Y,0,3,1
741,"$50,000.00",Y,0,3,1
2188,"$244,981.00",N,1,1,0
1525,"$42,389.00",Y,1,3,1
1856,"$202,478.00",N,0,1,0
2099,"$200,994.00",N,0,1,0
1368,"$85,524.00",N,0,1,0
1991,"$203,105.00",N,1,1,0
2138,"$163,042.00",N,0,1,0
2104,"$394,995.00",N,0,1,0
721,"$52,885.00",Y,0,3,1
1684,"$227,919.00",N,1,1,0
100,"$324,579.00",N,1,1,0
466,"$136,711.00",N,1,1,0
1990,"$60,646.00",N,1,2,1
2498,"$188,452.00",N,0,1,0
1922,"$75,748.00",N,0,2,1
1165,"$187,978.00",N,0,1,0
564,"$214,226.00",N,1,1,0
331,"$50,000.00",Y,0,3,1
622,"$130,070.00",N,0,1,0
1463,"$50,000.00",Y,1,3,1
1609,"$35,923.00",Y,1,3,1
945,"$50,000.00",Y,0,3,1
1943,"$66,238.00",N,0,2,1
1588,"$71,933.00",N,1,2,1
1840,"$91,503.00",N,0,1,0
2619,"$90,481.00",N,1,1,0
1895,"$133,533.00",N,1,1,0
1915,"$231,930.00",N,1,1,0
1197,"$182,675.00",N,0,1,0
540,"$50,000.00",Y,0,3,1
2593,"$50,000.00",Y,1,3,1
429,"$50,000.00",Y,0,3,1
211,"$50,000.00",Y,0,3,1
2427,"$105,867.00",N,1,1,0
2102,"$182,670.00",N,1,1,0
1625,"$49,664.00",Y,0,3,1
1361,"$70,055.00",N,1,2,1
1172,"$126,884.00",N,0,1,0
2084,"$190,164.00",N,0,1,0
789,"$167,839.00",N,0,1,0
330,"$159,490.00",N,0,1,0
1576,"$118,550.00",N,1,1,0
2443,"$185,196.00",N,0,1,0
2596,"$192,311.00",N,0,1,0
380,"$50,000.00",Y,0,3,1
2417,"$50,000.00",Y,1,3,1
1799,"$62,424.00",N,0,2,1
1997,"$205,137.00",N,0,1,0
1023,"$50,000.00",Y,1,3,1
2599,"$202,382.00",N,1,1,0
391,"$50,000.00",Y,0,3,1
472,"$50,000.00",Y,1,3,1
1546,"$262,981.00",N,0,1,0
2117,"$209,405.00",N,1,1,0
2580,"$50,000.00",Y,0,3,1
1833,"$50,000.00",Y,1,3,1
568,"$202,617.00",N,1,1,0
2092,"$188,845.00",N,1,1,0
1447,"$153,360.00",N,1,1,0
2149,"$50,000.00",Y,0,3,1
1858,"$181,645.00",N,0,1,0
2048,"$97,185.00",N,0,1,0
2391,"$203,913.00",N,0,1,0
2209,"$50,000.00",Y,1,3,1
2293,"$325,339.00",N,1,1,0
2177,"$58,553.00",N,0,2,1
2128,"$186,048.00",N,0,1,0
1247,"$379,172.00",N,0,1,0
618,"$46,417.00",Y,1,3,1
1828,"$186,955.00",N,0,1,0
1804,"$50,000.00",Y,1,3,1
2198,"$149,883.00",N,0,1,0
413,"$191,049.00",N,1,1,0
1383,"$175,199.00",N,1,1,0
911,"$207,409.00",N,1,1,0
1085,"$50,000.00",Y,0,3,1
1030,"$67,800.00",N,1,2,1
1730,"$209,921.00",N,0,1,0
2224,"$342,748.00",N,1,1,0
1674,"$194,278.00",N,0,1,0
995,"$208,168.00",N,0,1,0
485,"$312,148.00",N,1,1,0
387,"$50,000.00",Y,1,3,1
1555,"$161,166.00",N,1,1,0
2203,"$50,000.00",Y,0,3,1
1365,"$265,634.00",N,1,1,0
986,"$50,000.00",Y,0,3,1
598,"$50,000.00",Y,1,3,1
1460,"$282,172.00",N,1,1,0
876,"$50,000.00",Y,0,3,1
119,"$50,000.00",Y,1,3,1
491,"$167,913.00",N,0,1,0
843,"$159,702.00",N,1,1,0
1973,"$263,370.00",N,1,1,0
1211,"$188,458.00",N,1,1,0
1464,"$190,878.00",N,0,1,0
981,"$50,000.00",Y,1,3,1
328,"$201,504.00",N,1,1,0
1679,"$252,138.00",N,0,1,0
12,"$194,637.00",N,0,1,0
434,"$183,862.00",N,0,1,0
1070,"$76,814.00",N,1,2,1
982,"$50,000.00",Y,0,3,1
2142,"$50,000.00",Y,0,3,1
887,"$50,000.00",Y,0,3,1
1709,"$50,000.00",Y,0,3,1
844,"$50,000.00",Y,0,3,1
258,"$378,133.00",N,0,1,0
1912,"$50,000.00",Y,0,3,1
2204,"$188,685.00",N,0,1,0
1497,"$192,174.00",N,0,1,0
2036,"$184,176.00",N,1,1,0
1647,"$50,000.00",Y,0,3,1
50,"$188,631.00",N,0,1,0
2419,"$44,562.00",Y,1,3,1
244,"$208,123.00",N,1,1,0
2496,"$132,286.00",N,1,1,0
3,"$182,707.00",N,1,1,0
1286,"$156,790.00",N,1,1,0
1545,"$203,913.00",N,0,1,0
828,"$196,708.00",N,0,1,0
2554,"$50,000.00",Y,1,3,1
1428,"$261,273.00",N,0,1,0
44,"$197,216.00",N,0,1,0
1531,"$201,683.00",N,1,1,0
1832,"$215,205.00",N,1,1,0
1817,"$74,575.00",N,1,2,1
2006,"$222,156.00",N,0,1,0
14,"$192,610.00",N,1,1,0
62,"$185,768.00",N,0,1,0
602,"$389,829.00",N,0,1,0
1917,"$192,913.00",N,0,1,0
858,"$92,557.00",N,1,1,0
2101,"$50,000.00",Y,0,3,1
2063,"$108,348.00",N,1,1,0
670,"$50,000.00",Y,1,3,1
111,"$114,515.00",N,1,1,0
2477,"$50,000.00",Y,0,3,1
806,"$181,139.00",N,1,1,0
2050,"$61,538.00",N,0,2,1
2527,"$185,072.00",N,1,1,0
1155,"$187,925.00",N,1,1,0
1028,"$345,642.00",N,0,1,0
335,"$196,320.00",N,1,1,0
537,"$299,807.00",N,1,1,0
181,"$55,189.00",Y,0,3,1
2219,"$297,251.00",N,0,1,0
856,"$362,992.00",N,0,1,0
156,"$121,708.00",N,1,1,0
376,"$241,602.00",N,1,1,0
956,"$50,000.00",Y,1,3,1
665,"$241,511.00",N,1,1,0
1732,"$195,164.00",N,0,1,0
561,"$197,055.00",N,0,1,0
2034,"$50,000.00",Y,1,3,1
1372,"$176,948.00",N,0,1,0
2314,"$68,164.00",N,1,2,1
499,"$269,272.00",N,1,1,0
891,"$189,565.00",N,0,1,0
425,"$50,000.00",Y,0,3,1
190,"$50,000.00",Y,1,3,1
29,"$50,000.00",Y,1,3,1
2514,"$144,892.00",N,0,1,0
842,"$399,630.00",N,0,1,0
678,"$212,703.00",N,0,1,0
1369,"$50,000.00",Y,0,3,1
630,"$182,762.00",N,1,1,0
341,"$184,861.00",N,0,1,0
2562,"$50,000.00",Y,1,3,1
1953,"$50,000.00",Y,1,3,1
177,"$274,418.00",N,0,1,0
1857,"$174,566.00",N,1,1,0
1701,"$164,083.00",N,0,1,0
1146,"$85,651.00",N,0,1,0
584,"$195,302.00",N,1,1,0
723,"$183,604.00",N,1,1,0
1521,"$301,446.00",N,0,1,0
1696,"$49,790.00",Y,0,3,1
586,"$187,130.00",N,0,1,0
2182,"$362,819.00",N,1,1,0
311,"$199,088.00",N,1,1,0
1838,"$277,514.00",N,0,1,0
1376,"$203,562.00",N,1,1,0
1781,"$198,889.00",N,1,1,0
639,"$208,926.00",N,0,1,0
1156,"$392,385.00",N,1,1,0
1458,"$93,545.00",N,1,1,0
1617,"$366,522.00",N,1,1,0
1143,"$50,000.00",Y,0,3,1
1089,"$188,839.00",N,0,1,0
372,"$205,484.00",N,0,1,0
176,"$50,000.00",Y,1,3,1
1515,"$71,323.00",N,0,2,1
1532,"$386,456.00",N,1,1,0
1619,"$43,300.00",Y,0,3,1
59,"$98,430.00",N,0,1,0
912,"$185,786.00",N,1,1,0
1890,"$65,894.00",N,0,2,1
1767,"$198,624.00",N,1,1,0
2376,"$198,365.00",N,1,1,0
1049,"$153,422.00",N,0,1,0
1920,"$50,000.00",Y,1,3,1
1500,"$192,945.00",N,1,1,0
1208,"$204,057.00",N,1,1,0
2461,"$122,456.00",N,0,1,0
521,"$203,229.00",N,1,1,0
2393,"$231,801.00",N,1,1,0
252,"$189,996.00",N,1,1,0
2259,"$78,849.00",N,1,2,1
1081,"$238,632.00",N,1,1,0
817,"$123,900.00",N,0,1,0
2338,"$206,965.00",N,1,1,0
894,"$50,000.00",Y,0,3,1
1641,"$188,171.00",N,1,1,0
2453,"$144,885.00",N,0,1,0
218,"$40,968.00",Y,0,3,1
647,"$50,000.00",Y,0,3,1
2185,"$50,000.00",Y,1,3,1
1761,"$202,025.00",N,0,1,0
2426,"$193,615.00",N,1,1,0
122,"$288,926.00",N,0,1,0
448,"$50,000.00",Y,0,3,1
309,"$50,000.00",Y,1,3,1
1803,"$35,898.00",Y,0,3,1
1277,"$50,000.00",Y,1,3,1
2414,"$209,656.00",N,0,1,0
157,"$195,983.00",N,1,1,0
2341,"$91,381.00",N,1,1,0
1399,"$186,177.00",N,1,1,0
2011,"$187,299.00",N,0,1,0
149,"$139,865.00",N,1,1,0
1869,"$372,073.00",N,0,1,0
1729,"$182,485.00",N,0,1,0
1891,"$254,432.00",N,1,1,0
653,"$47,431.00",Y,0,3,1
42,"$206,235.00",N,1,1,0
1425,"$186,295.00",N,0,1,0
2331,"$50,000.00",Y,0,3,1
1471,"$50,000.00",Y,1,3,1
158,"$203,031.00",N,1,1,0
1824,"$77,152.00",N,0,2,1
445,"$262,002.00",N,0,1,0
2471,"$391,015.00",N,0,1,0
2244,"$50,000.00",Y,0,3,1
862,"$192,826.00",N,0,1,0
864,"$50,000.00",Y,1,3,1
1210,"$50,000.00",Y,0,3,1
1944,"$269,169.00",N,1,1,0
1121,"$199,374.00",N,1,1,0
546,"$50,000.00",Y,0,3,1
360,"$203,170.00",N,1,1,0
1223,"$111,832.00",N,1,1,0
1256,"$42,831.00",Y,1,3,1
45,"$50,000.00",Y,1,3,1
321,"$396,584.00",N,0,1,0
1005,"$151,276.00",N,0,1,0
1126,"$50,000.00",Y,1,3,1
748,"$50,000.00",Y,0,3,1
1409,"$50,000.00",Y,0,3,1
742,"$50,000.00",Y,0,3,1
2241,"$373,550.00",N,0,1,0
63,"$154,916.00",N,1,1,0
1442,"$194,950.00",N,0,1,0
390,"$63,796.00",N,1,2,1
1626,"$174,341.00",N,0,1,0
113,"$191,051.00",N,0,1,0
1473,"$50,000.00",Y,1,3,1
1502,"$204,332.00",N,0,1,0
1427,"$50,000.00",Y,0,3,1
2517,"$200,213.00",N,1,1,0
1062,"$60,042.00",N,0,2,1
314,"$222,229.00",N,0,1,0
374,"$197,547.00",N,0,1,0
898,"$272,746.00",N,0,1,0
2032,"$44,237.00",Y,0,3,1
666,"$184,629.00",N,1,1,0
1610,"$84,586.00",N,0,1,0
2239,"$254,548.00",N,1,1,0
438,"$138,848.00",N,1,1,0
2420,"$195,430.00",N,1,1,0
1561,"$50,000.00",Y,1,3,1
1651,"$143,930.00",N,0,1,0
2403,"$113,434.00",N,0,1,0
1301,"$268,436.00",N,1,1,0
1419,"$66,619.00",N,1,2,1
709,"$206,204.00",N,1,1,0
1827,"$50,000.00",Y,1,3,1
1794,"$50,000.00",Y,0,3,1
1678,"$202,175.00",N,1,1,0
2154,"$376,193.00",N,1,1,0
687,"$107,833.00",N,0,1,0
710,"$331,082.00",N,1,1,0
2371,"$188,053.00",N,0,1,0
2287,"$50,000.00",Y,1,3,1
1735,"$189,140.00",N,1,1,0
1178,"$271,737.00",N,1,1,0
750,"$50,000.00",Y,1,3,1
2194,"$359,415.00",N,1,1,0
2536,"$50,000.00",Y,0,3,1
1655,"$196,605.00",N,0,1,0
2307,"$83,604.00",N,1,1,0
695,"$50,000.00",Y,1,3,1
617,"$366,706.00",N,1,1,0
323,"$206,821.00",N,1,1,0
1392,"$370,303.00",N,0,1,0
770,"$191,339.00",N,0,1,0
188,"$207,493.00",N,1,1,0
2609,"$182,679.00",N,0,1,0
971,"$50,000.00",Y,0,3,1
2484,"$192,272.00",N,0,1,0
2546,"$97,808.00",N,1,1,0
1434,"$188,817.00",N,0,1,0
146,"$65,222.00",N,1,2,1
144,"$50,000.00",Y,0,3,1
1006,"$339,812.00",N,1,1,0
403,"$194,364.00",N,1,1,0
2274,"$197,245.00",N,1,1,0
1629,"$58,485.00",N,1,2,1
838,"$255,898.00",N,0,1,0
1124,"$192,010.00",N,1,1,0
1302,"$50,000.00",Y,0,3,1
728,"$185,668.00",N,1,1,0
1514,"$211,877.00",N,0,1,0
1539,"$199,553.00",N,0,1,0
2158,"$381,378.00",N,1,1,0
2195,"$50,000.00",Y,0,3,1
2400,"$160,324.00",N,0,1,0
1043,"$165,550.00",N,0,1,0
1343,"$72,836.00",N,1,2,1
1416,"$208,087.00",N,0,1,0
871,"$196,096.00",N,0,1,0
1275,"$50,000.00",Y,1,3,1
1252,"$69,442.00",N,1,2,1
1522,"$207,248.00",N,0,1,0
681,"$141,740.00",N,0,1,0
1259,"$61,322.00",N,0,2,1
257,"$145,144.00",N,0,1,0
1739,"$198,840.00",N,1,1,0
2416,"$169,807.00",N,1,1,0
1797,"$43,252.00",Y,1,3,1
1672,"$52,451.00",Y,0,3,1
427,"$50,000.00",Y,0,3,1
2349,"$36,569.00",Y,1,3,1
599,"$50,000.00",Y,1,3,1
2373,"$50,000.00",Y,0,3,1
944,"$191,470.00",N,1,1,0
164,"$191,786.00",N,1,1,0
1503,"$151,708.00",N,0,1,0
1404,"$339,349.00",N,0,1,0
2335,"$185,086.00",N,1,1,0
1876,"$124,411.00",N,0,1,0
470,"$86,009.00",N,1,1,0
2040,"$207,873.00",N,1,1,0
679,"$208,570.00",N,0,1,0
459,"$204,711.00",N,0,1,0
192,"$109,769.00",N,1,1,0
1297,"$50,000.00",Y,0,3,1
2069,"$67,350.00",N,0,2,1
707,"$124,617.00",N,0,1,0
2205,"$218,485.00",N,1,1,0
166,"$155,715.00",N,0,1,0
1435,"$50,000.00",Y,0,3,1
4,"$50,000.00",Y,0,3,1
2079,"$317,159.00",N,1,1,0
1592,"$187,558.00",N,0,1,0
560,"$116,109.00",N,0,1,0
1904,"$191,442.00",N,1,1,0
993,"$99,628.00",N,0,1,0
2291,"$189,156.00",N,1,1,0
1750,"$179,225.00",N,0,1,0
516,"$50,000.00",Y,1,3,1
1683,"$50,000.00",Y,1,3,1
2385,"$65,332.00",N,0,2,1
2211,"$195,855.00",N,1,1,0
1541,"$193,071.00",N,0,1,0
1945,"$305,265.00",N,1,1,0
962,"$209,728.00",N,0,1,0
863,"$105,627.00",N,0,1,0
1563,"$181,583.00",N,0,1,0
70,"$50,000.00",Y,0,3,1
444,"$50,000.00",Y,1,3,1
2586,"$50,000.00",Y,0,3,1
145,"$117,740.00",N,0,1,0
960,"$132,455.00",N,1,1,0
2336,"$201,986.00",N,0,1,0
79,"$373,620.00",N,0,1,0
1560,"$203,499.00",N,1,1,0
1312,"$186,997.00",N,0,1,0
279,"$50,000.00",Y,0,3,1
1884,"$186,048.00",N,0,1,0
628,"$158,341.00",N,1,1,0
1947,"$399,749.00",N,0,1,0
457,"$181,991.00",N,1,1,0
932,"$153,596.00",N,1,1,0
1956,"$205,339.00",N,0,1,0
141,"$383,560.00",N,0,1,0
1649,"$204,674.00",N,1,1,0
198,"$50,000.00",Y,1,3,1
2411,"$282,786.00",N,0,1,0
1960,"$50,000.00",Y,0,3,1
2163,"$137,686.00",N,1,1,0
1994,"$302,621.00",N,0,1,0
1453,"$195,616.00",N,0,1,0
569,"$50,000.00",Y,1,3,1
810,"$188,012.00",N,0,1,0
1170,"$209,789.00",N,0,1,0
535,"$187,866.00",N,1,1,0
2030,"$384,207.00",N,0,1,0
2595,"$286,632.00",N,1,1,0
837,"$347,268.00",N,0,1,0
698,"$207,441.00",N,1,1,0
1051,"$206,925.00",N,1,1,0
655,"$208,610.00",N,0,1,0
1209,"$206,175.00",N,0,1,0
2208,"$206,658.00",N,1,1,0
597,"$117,253.00",N,0,1,0
84,"$387,374.00",N,1,1,0
1892,"$50,000.00",Y,1,3,1
1864,"$76,967.00",N,0,2,1
210,"$290,186.00",N,0,1,0
1821,"$135,776.00",N,1,1,0
405,"$132,679.00",N,1,1,0
246,"$179,225.00",N,1,1,0
1958,"$141,774.00",N,0,1,0
902,"$203,064.00",N,0,1,0
941,"$50,000.00",Y,0,3,1
451,"$209,427.00",N,0,1,0
239,"$264,424.00",N,1,1,0
2494,"$196,479.00",N,0,1,0
1282,"$50,000.00",Y,0,3,1
1924,"$388,738.00",N,1,1,0
2594,"$50,000.00",Y,1,3,1
2367,"$190,371.00",N,1,1,0
2556,"$208,496.00",N,0,1,0
284,"$162,946.00",N,1,1,0
992,"$198,770.00",N,1,1,0
1913,"$185,738.00",N,1,1,0
2552,"$185,337.00",N,1,1,0
716,"$198,408.00",N,0,1,0
1045,"$181,029.00",N,0,1,0
1594,"$99,053.00",N,1,1,0
802,"$184,651.00",N,0,1,0
1351,"$203,183.00",N,0,1,0
1878,"$197,215.00",N,0,1,0
1798,"$207,180.00",N,1,1,0
2423,"$50,000.00",Y,1,3,1
591,"$299,621.00",N,0,1,0
19,"$50,000.00",Y,1,3,1
1095,"$90,944.00",N,0,1,0
1319,"$287,972.00",N,0,1,0
920,"$144,863.00",N,0,1,0
1559,"$95,715.00",N,0,1,0
339,"$50,000.00",Y,1,3,1
658,"$181,397.00",N,1,1,0
1557,"$318,615.00",N,0,1,0
1295,"$174,897.00",N,1,1,0
294,"$199,928.00",N,1,1,0
2260,"$188,972.00",N,0,1,0
2201,"$107,888.00",N,1,1,0
1777,"$68,109.00",N,1,2,1
2473,"$371,637.00",N,0,1,0
2339,"$77,520.00",N,1,2,1
2399,"$188,835.00",N,0,1,0
831,"$80,915.00",N,0,1,0
1774,"$108,360.00",N,0,1,0
712,"$66,578.00",N,0,2,1
2488,"$170,966.00",N,1,1,0
1444,"$50,000.00",Y,0,3,1
11,"$398,394.00",N,1,1,0
201,"$189,368.00",N,1,1,0
318,"$184,402.00",N,0,1,0
1874,"$194,803.00",N,1,1,0
248,"$40,619.00",Y,1,3,1
855,"$186,190.00",N,1,1,0
1599,"$50,000.00",Y,1,3,1
1228,"$50,000.00",Y,1,3,1
701,"$50,000.00",Y,1,3,1
1611,"$134,371.00",N,1,1,0
1966,"$50,000.00",Y,0,3,1
1693,"$198,057.00",N,1,1,0
52,"$197,894.00",N,1,1,0
2456,"$50,000.00",Y,1,3,1
604,"$50,000.00",Y,1,3,1
928,"$157,744.00",N,0,1,0
155,"$50,000.00",Y,0,3,1
1784,"$175,045.00",N,1,1,0
369,"$90,057.00",N,0,1,0
2271,"$90,053.00",N,0,1,0
2535,"$209,610.00",N,1,1,0
2370,"$125,267.00",N,0,1,0
2275,"$50,000.00",Y,0,3,1
98,"$142,905.00",N,1,1,0
570,"$358,749.00",N,1,1,0
2432,"$77,263.00",N,0,2,1
2523,"$126,335.00",N,0,1,0
2326,"$50,000.00",Y,1,3,1
273,"$50,000.00",Y,1,3,1
587,"$382,830.00",N,1,1,0
740,"$50,000.00",Y,1,3,1
1898,"$230,857.00",N,1,1,0
397,"$199,215.00",N,0,1,0
2313,"$398,488.00",N,0,1,0
1378,"$195,566.00",N,1,1,0
1225,"$72,085.00",N,0,2,1
2564,"$201,091.00",N,0,1,0
966,"$125,336.00",N,0,1,0
235,"$189,737.00",N,1,1,0
71,"$193,068.00",N,0,1,0
1564,"$50,000.00",Y,1,3,1
1346,"$199,425.00",N,1,1,0
296,"$50,000.00",Y,1,3,1
2164,"$198,300.00",N,0,1,0
747,"$50,000.00",Y,1,3,1
2510,"$174,660.00",N,1,1,0
1087,"$50,000.00",Y,1,3,1
2072,"$203,851.00",N,0,1,0
320,"$334,686.00",N,1,1,0
2157,"$121,089.00",N,1,1,0
762,"$172,364.00",N,0,1,0
1359,"$48,582.00",Y,1,3,1
2472,"$265,883.00",N,1,1,0
1801,"$50,000.00",Y,0,3,1
1477,"$130,598.00",N,1,1,0
1393,"$47,833.00",Y,1,3,1
1408,"$272,109.00",N,0,1,0
1457,"$188,590.00",N,1,1,0
1362,"$50,000.00",Y,0,3,1
1606,"$228,208.00",N,1,1,0
1550,"$151,151.00",N,0,1,0
1305,"$50,000.00",Y,0,3,1
614,"$370,560.00",N,0,1,0
1638,"$50,000.00",Y,1,3,1
460,"$389,317.00",N,0,1,0
1220,"$185,458.00",N,1,1,0
1659,"$343,189.00",N,1,1,0
633,"$50,000.00",Y,0,3,1
2018,"$211,296.00",N,0,1,0
94,"$87,166.00",N,0,1,0
554,"$49,082.00",Y,0,3,1
1040,"$83,162.00",N,0,1,0
1308,"$50,000.00",Y,1,3,1
801,"$208,124.00",N,0,1,0
1273,"$72,340.00",N,1,2,1
1747,"$200,149.00",N,1,1,0
1849,"$65,586.00",N,1,2,1
1061,"$295,045.00",N,1,1,0
2212,"$50,000.00",Y,0,3,1
290,"$50,000.00",Y,1,3,1
142,"$50,000.00",Y,0,3,1
892,"$208,622.00",N,1,1,0
2558,"$50,000.00",Y,0,3,1
1637,"$195,390.00",N,0,1,0
1554,"$50,000.00",Y,0,3,1
132,"$198,530.00",N,0,1,0
1219,"$70,063.00",N,1,2,1
800,"$130,078.00",N,1,1,0
399,"$50,000.00",Y,1,3,1
1067,"$146,376.00",N,0,1,0
1060,"$215,999.00",N,1,1,0
832,"$196,684.00",N,0,1,0
2222,"$184,443.00",N,1,1,0
2115,"$167,984.00",N,1,1,0
1745,"$354,759.00",N,0,1,0
2530,"$269,767.00",N,1,1,0
36,"$108,093.00",N,1,1,0
1249,"$179,079.00",N,1,1,0
2390,"$50,000.00",Y,1,3,1
259,"$137,219.00",N,1,1,0
1851,"$193,320.00",N,0,1,0
1975,"$50,000.00",Y,1,3,1
2132,"$241,916.00",N,0,1,0
2227,"$50,000.00",Y,1,3,1
725,"$267,181.00",N,1,1,0
1998,"$191,271.00",N,1,1,0
140,"$145,133.00",N,1,1,0
1779,"$379,162.00",N,1,1,0
694,"$194,462.00",N,0,1,0
2407,"$191,473.00",N,0,1,0
2481,"$191,992.00",N,0,1,0
2075,"$264,641.00",N,1,1,0
1983,"$50,000.00",Y,0,3,1
293,"$71,258.00",N,0,2,1
1037,"$208,993.00",N,1,1,0
1897,"$163,570.00",N,0,1,0
872,"$110,525.00",N,1,1,0
1802,"$191,394.00",N,0,1,0
1866,"$279,928.00",N,1,1,0
1192,"$259,016.00",N,0,1,0
2363,"$197,062.00",N,1,1,0
524,"$206,769.00",N,0,1,0
934,"$142,457.00",N,0,1,0
2288,"$41,834.00",Y,0,3,1
382,"$364,632.00",N,1,1,0
2103,"$393,007.00",N,0,1,0
1710,"$132,820.00",N,0,1,0
479,"$80,500.00",N,1,1,0
2119,"$192,979.00",N,1,1,0
1643,"$218,943.00",N,1,1,0
247,"$50,000.00",Y,1,3,1
715,"$363,129.00",N,0,1,0
1108,"$191,161.00",N,1,1,0
532,"$55,582.00",Y,1,3,1
1109,"$154,602.00",N,1,1,0
1486,"$58,215.00",N,1,2,1
2123,"$196,490.00",N,0,1,0
791,"$191,481.00",N,0,1,0
2431,"$104,910.00",N,1,1,0
1910,"$193,936.00",N,1,1,0
595,"$170,598.00",N,0,1,0
643,"$142,975.00",N,0,1,0
955,"$63,104.00",N,0,2,1
1380,"$116,442.00",N,1,1,0
2404,"$222,689.00",N,0,1,0
456,"$190,040.00",N,0,1,0
1328,"$85,547.00",N,1,1,0
672,"$38,095.00",Y,0,3,1
2337,"$50,000.00",Y,0,3,1
2544,"$251,374.00",N,1,1,0
1092,"$188,787.00",N,1,1,0
534,"$183,512.00",N,1,1,0
461,"$195,377.00",N,1,1,0
2122,"$206,139.00",N,0,1,0
2538,"$200,379.00",N,1,1,0
1495,"$50,000.00",Y,1,3,1
1426,"$96,269.00",N,0,1,0
1020,"$228,905.00",N,0,1,0
295,"$208,325.00",N,0,1,0
636,"$152,484.00",N,0,1,0
1139,"$67,526.00",N,1,2,1
1766,"$50,000.00",Y,1,3,1
183,"$121,614.00",N,0,1,0
2045,"$50,000.00",Y,0,3,1
423,"$273,685.00",N,0,1,0
1200,"$80,627.00",N,0,1,0
2091,"$124,354.00",N,0,1,0
968,"$190,868.00",N,1,1,0
550,"$50,000.00",Y,0,3,1
1,"$64,668.00",N,1,2,1
1703,"$133,375.00",N,0,1,0
1636,"$50,000.00",Y,0,3,1
669,"$208,710.00",N,1,1,0
558,"$50,000.00",Y,0,3,1
2044,"$50,000.00",Y,1,3,1
1553,"$223,058.00",N,0,1,0
2249,"$205,369.00",N,0,1,0
256,"$391,315.00",N,1,1,0
1065,"$328,967.00",N,0,1,0
572,"$202,895.00",N,0,1,0
2087,"$205,236.00",N,0,1,0
167,"$50,000.00",Y,0,3,1
664,"$282,557.00",N,1,1,0
685,"$264,584.00",N,0,1,0
1688,"$304,231.00",N,1,1,0
2089,"$71,087.00",N,0,2,1
2528,"$97,989.00",N,1,1,0
2353,"$202,601.00",N,0,1,0
81,"$49,842.00",Y,1,3,1
1169,"$183,333.00",N,1,1,0
2483,"$181,411.00",N,0,1,0
1789,"$50,000.00",Y,0,3,1
168,"$197,703.00",N,1,1,0
1728,"$386,240.00",N,1,1,0
2059,"$116,609.00",N,1,1,0
2386,"$201,810.00",N,1,1,0
2540,"$343,803.00",N,0,1,0
2280,"$154,448.00",N,0,1,0
1320,"$195,506.00",N,1,1,0
2278,"$50,000.00",Y,1,3,1
2574,"$184,195.00",N,1,1,0
162,"$197,990.00",N,1,1,0
735,"$101,559.00",N,0,1,0
726,"$182,776.00",N,1,1,0
187,"$50,000.00",Y,0,3,1
1385,"$167,365.00",N,0,1,0
2321,"$351,081.00",N,0,1,0
2379,"$96,579.00",N,1,1,0
508,"$282,180.00",N,0,1,0
265,"$396,334.00",N,1,1,0
2007,"$281,906.00",N,0,1,0
1722,"$99,222.00",N,1,1,0
559,"$198,191.00",N,1,1,0
116,"$50,000.00",Y,0,3,1
2167,"$157,361.00",N,0,1,0
783,"$385,502.00",N,0,1,0
2252,"$203,209.00",N,1,1,0
1309,"$182,735.00",N,1,1,0
635,"$188,032.00",N,1,1,0
2029,"$50,000.00",Y,1,3,1
979,"$50,000.00",Y,1,3,1
1375,"$104,808.00",N,1,1,0
2332,"$192,146.00",N,0,1,0
2143,"$56,427.00",Y,0,3,1
1661,"$208,866.00",N,1,1,0
815,"$50,000.00",Y,1,3,1
2525,"$239,573.00",N,1,1,0
2405,"$191,932.00",N,0,1,0
228,"$184,602.00",N,0,1,0
529,"$370,932.00",N,0,1,0
625,"$65,297.00",N,0,2,1
2442,"$205,307.00",N,0,1,0
2541,"$209,791.00",N,0,1,0
1410,"$252,299.00",N,1,1,0
1355,"$193,411.00",N,1,1,0
2266,"$277,758.00",N,1,1,0
638,"$50,000.00",Y,1,3,1
2410,"$246,384.00",N,1,1,0
805,"$201,954.00",N,0,1,0
574,"$205,541.00",N,0,1,0
2197,"$50,000.00",Y,1,3,1
114,"$204,050.00",N,0,1,0
2610,"$50,000.00",Y,1,3,1
514,"$50,000.00",Y,1,3,1
2047,"$50,000.00",Y,0,3,1
1846,"$145,534.00",N,1,1,0
24,"$135,424.00",N,1,1,0
1769,"$194,544.00",N,0,1,0
756,"$122,459.00",N,1,1,0
1272,"$50,000.00",Y,1,3,1
2478,"$191,379.00",N,1,1,0
1074,"$205,466.00",N,0,1,0
1098,"$171,471.00",N,0,1,0
1318,"$391,367.00",N,0,1,0
2551,"$371,798.00",N,0,1,0
975,"$182,821.00",N,1,1,0
1585,"$166,390.00",N,0,1,0
556,"$60,270.00",N,0,2,1
581,"$197,977.00",N,0,1,0
1024,"$193,955.00",N,0,1,0
2346,"$34,328.00",Y,1,3,1
375,"$77,439.00",N,0,2,1
1097,"$50,000.00",Y,0,3,1
1391,"$50,000.00",Y,1,3,1
2080,"$52,931.00",Y,1,3,1
571,"$188,104.00",N,1,1,0
567,"$50,000.00",Y,0,3,1
2356,"$392,282.00",N,1,1,0
899,"$183,354.00",N,0,1,0
738,"$50,000.00",Y,1,3,1
1959,"$96,489.00",N,0,1,0
2105,"$280,415.00",N,0,1,0
317,"$294,755.00",N,1,1,0
435,"$349,110.00",N,0,1,0
594,"$193,994.00",N,0,1,0
1400,"$191,564.00",N,1,1,0
1604,"$173,183.00",N,0,1,0
613,"$132,600.00",N,0,1,0
2139,"$205,142.00",N,0,1,0
965,"$259,935.00",N,0,1,0
1834,"$319,101.00",N,0,1,0
1795,"$39,245.00",Y,0,3,1
1482,"$114,797.00",N,1,1,0
1234,"$330,659.00",N,0,1,0
1239,"$50,000.00",Y,1,3,1
2323,"$339,138.00",N,1,1,0
1481,"$50,000.00",Y,1,3,1
49,"$50,000.00",Y,1,3,1
2434,"$175,452.00",N,0,1,0
2515,"$196,132.00",N,0,1,0
1577,"$50,000.00",Y,0,3,1
549,"$175,945.00",N,1,1,0
2230,"$207,932.00",N,1,1,0
1630,"$149,727.00",N,0,1,0
1161,"$201,376.00",N,1,1,0
350,"$50,000.00",Y,0,3,1
2033,"$213,931.00",N,0,1,0
2070,"$183,834.00",N,1,1,0
1740,"$50,000.00",Y,0,3,1
1029,"$173,306.00",N,0,1,0
1692,"$200,663.00",N,1,1,0
2543,"$223,838.00",N,1,1,0
918,"$50,000.00",Y,1,3,1
2352,"$297,348.00",N,1,1,0
1230,"$139,999.00",N,0,1,0
2262,"$261,716.00",N,1,1,0
1035,"$205,395.00",N,0,1,0
1264,"$279,450.00",N,1,1,0
67,"$108,075.00",N,0,1,0
1027,"$82,820.00",N,0,1,0
2056,"$54,020.00",Y,1,3,1
2519,"$114,194.00",N,1,1,0
35,"$50,000.00",Y,0,3,1
833,"$52,909.00",Y,1,3,1
1916,"$50,000.00",Y,1,3,1
2065,"$141,996.00",N,0,1,0
1873,"$50,000.00",Y,0,3,1
1819,"$198,837.00",N,0,1,0
1885,"$143,320.00",N,0,1,0
1340,"$109,496.00",N,0,1,0
1867,"$193,381.00",N,0,1,0
919,"$276,429.00",N,1,1,0
1198,"$205,886.00",N,0,1,0
2169,"$50,000.00",Y,1,3,1
768,"$106,244.00",N,1,1,0
2057,"$215,995.00",N,0,1,0
692,"$195,892.00",N,0,1,0
1823,"$71,714.00",N,0,2,1
1142,"$101,613.00",N,1,1,0
517,"$164,883.00",N,0,1,0
352,"$65,986.00",N,1,2,1
1330,"$84,545.00",N,1,1,0
2127,"$50,000.00",Y,0,3,1
2,"$374,808.00",N,1,1,0
2547,"$50,000.00",Y,0,3,1
1909,"$243,264.00",N,1,1,0
1639,"$50,000.00",Y,0,3,1
552,"$187,124.00",N,0,1,0
1808,"$50,000.00",Y,1,3,1
1723,"$196,626.00",N,1,1,0
2447,"$233,979.00",N,0,1,0
64,"$181,395.00",N,1,1,0
2616,"$74,977.00",N,0,2,1
909,"$90,471.00",N,1,1,0
74,"$69,550.00",N,0,2,1
951,"$223,879.00",N,1,1,0
2094,"$50,000.00",Y,1,3,1
1389,"$50,000.00",Y,1,3,1
175,"$192,606.00",N,1,1,0
1708,"$174,134.00",N,0,1,0
39,"$72,281.00",N,1,2,1
2299,"$50,000.00",Y,1,3,1
766,"$124,725.00",N,0,1,0
1836,"$190,272.00",N,1,1,0
137,"$68,776.00",N,0,2,1
2474,"$146,363.00",N,1,1,0
205,"$35,403.00",Y,1,3,1
2430,"$50,000.00",Y,0,3,1
220,"$182,771.00",N,0,1,0
2297,"$138,677.00",N,0,1,0
1984,"$204,419.00",N,0,1,0
914,"$197,793.00",N,0,1,0
1207,"$83,849.00",N,0,1,0
1120,"$164,186.00",N,0,1,0
1159,"$216,229.00",N,1,1,0
1738,"$50,000.00",Y,0,3,1
1071,"$198,821.00",N,1,1,0
2109,"$169,304.00",N,1,1,0
1135,"$100,153.00",N,1,1,0
1076,"$195,390.00",N,1,1,0
1764,"$50,000.00",Y,1,3,1
2038,"$50,000.00",Y,1,3,1
1472,"$50,000.00",Y,0,3,1
796,"$182,820.00",N,1,1,0
1313,"$234,423.00",N,1,1,0
878,"$231,260.00",N,0,1,0
1716,"$178,858.00",N,1,1,0